Customer_ID,Gender,Age,Race,Zip_Code,State,Action_Type,Transaction_Amount_USD,Account_Balance,is_biased,action_status,Timestamp,Time_Of_Day,Device_Used,Login_Method,Number_Of_Logins_Last_30_Days,Number_Of_Failed_Logins_Last_30_Days,Investment_Type,Investment_Amount_USD,Transfer_Bank_Type,Number_Of_Transactions_Last_30_Days,Avg_Transaction_Amount_USD_Last_30_Days,Age_Group,Month
8b55a94b-7ea1-4d3e-9bff-ea2c6db560e5,Other,23,Other,04155,WA,login,0.0,36333.16,0,0,2024-09-13 05:11:46.330704,05:11:46.330704,Android,biometric,30,2,,,,23,249.0,18-30,9
7b5f3ed0-c59f-42f7-ad47-219cd8c719e8,Non-binary,54,Black,21704,KY,transfer_in,2013.72,31331.94,0,0,2024-07-28 06:12:11.128149,06:12:11.128149,Web,password,21,7,,,checking,36,65.3,50-65,7
da0cdf2e-3fcc-40aa-86da-6f305b45a047,Male,18,Hispanic,33497,WI,online_purchase,5099.2,33221.07,0,0,2024-09-24 22:10:43.118892,22:10:43.118892,Android,two_factor,12,5,,,,47,217.62,,9
a930f64b-3530-4b35-afef-fd4c41f1db2d,Non-binary,30,Mixed,81147,PA,bill_payment,17340.17,8284.74,0,1,2024-09-06 06:03:51.115582,06:03:51.115582,Android,two_factor,3,9,,,,14,329.12,18-30,9
1d9af141-d1e2-45e4-b7d5-15a62590e90b,Female,51,Black,00805,WI,investment,14585.19,43464.78,1,1,2024-10-07 22:30:22.870496,22:30:22.870496,Android,password,45,0,cryptocurrency,4783.05,,66,431.28,50-65,10
fc3caf53-41cd-46b3-be2a-65e6458d7920,Female,28,Mixed,19743,NY,logout,0.0,46861.28,0,1,2024-09-10 00:45:42.933522,00:45:42.933522,iOS,two_factor,9,0,,,,80,304.61,18-30,9
2a1ecb7b-2928-47ec-8476-1a6029c377b2,Male,37,Other,00668,KY,login,0.0,3439.56,0,1,2024-08-13 12:26:24.778136,12:26:24.778136,iOS,two_factor,13,5,,,,44,492.36,30-50,8
ee5d3494-a950-44e9-8d25-7e3664825905,Other,19,Black,37220,AZ,investment,9315.06,27735.27,0,0,2024-07-28 03:19:41.861488,03:19:41.861488,Android,biometric,1,7,cryptocurrency,5265.02,,82,148.08,18-30,7
647f39a2-1cbc-4051-943d-8847b078d274,Female,41,Hispanic,60742,CO,transfer_out,139.63,15132.63,0,0,2024-08-10 08:26:13.802467,08:26:13.802467,Web,biometric,24,8,,,savings,21,70.58,30-50,8
bfb30ba7-9983-49c2-8a1c-555cfeb2c2d4,Other,58,White,79554,KS,atm_withdrawal,4113.78,48794.63,0,1,2024-09-23 13:13:56.440570,13:13:56.440570,Web,two_factor,13,5,,,,100,462.01,50-65,9
57fa64ef-8637-43b7-a749-be99e74a3b55,Non-binary,34,Mixed,55678,IL,atm_withdrawal,3730.55,45105.87,0,0,2024-07-11 05:46:21.770913,05:46:21.770913,Web,password,47,4,,,,3,446.78,30-50,7
630c49cd-3b0f-4103-bcd7-a6eb4c8d5e9f,Non-binary,32,Other,00803,KY,p2p_transfer,5785.23,9691.66,0,1,2024-07-15 18:18:00.875788,18:18:00.875788,iOS,two_factor,43,3,,,savings,52,239.75,30-50,7
ef0ba61e-29c0-49fe-8482-e0972ac26860,Other,48,Mixed,34685,WA,transfer_out,14657.28,38941.03,0,0,2024-08-31 00:01:03.412642,00:01:03.412642,Android,two_factor,5,9,,,checking,86,142.27,30-50,8
1f74261f-ed5b-43a5-a2ad-47a5360ca60a,Female,46,Hispanic,02840,TN,investment,6772.13,8073.22,0,1,2024-08-12 12:09:41.412274,12:09:41.412274,Web,two_factor,36,8,cryptocurrency,7292.77,,52,403.01,30-50,8
ada2fff2-8b52-4678-8c05-a017143a7f3c,Female,36,White,02860,OK,p2p_transfer,11197.6,44523.67,0,0,2024-09-29 12:31:47.745727,12:31:47.745727,iOS,biometric,41,1,,,savings,31,51.79,30-50,9
3985db46-1411-4ab1-9b30-2d10a11e6845,Other,55,Asian,75851,OK,online_purchase,2451.89,40880.13,0,1,2024-08-17 10:37:25.889966,10:37:25.889966,iOS,two_factor,1,7,,,,3,422.86,50-65,8
bcd6e91e-7b05-4716-8f3d-c7ed91f3bf7a,Female,32,Asian,96876,KS,bill_payment,6406.95,16451.29,0,1,2024-10-05 23:29:26.002132,23:29:26.002132,Web,biometric,34,6,,,,95,292.41,30-50,10
1925115d-8764-4602-8ad1-e81abe036d37,Female,63,Mixed,19918,TN,atm_withdrawal,7272.18,19886.51,0,0,2024-09-08 06:41:26.703850,06:41:26.703850,iOS,password,46,6,,,,70,111.3,50-65,9
548770d4-ddb2-4b1a-a316-8cc7190b9fe2,Other,32,Hispanic,83837,NV,transfer_out,16571.46,44743.88,0,1,2024-09-29 04:45:00.876127,04:45:00.876127,Android,password,45,10,,,savings,49,299.08,30-50,9
f00bb809-807d-4949-b1e5-cfc83e20fb05,Male,33,Mixed,76167,NE,logout,0.0,29618.52,0,0,2024-08-14 14:24:06.994618,14:24:06.994618,Web,biometric,11,1,,,,61,253.28,30-50,8
3aa4713b-6306-458e-bc30-2b078e3cf78d,Non-binary,59,Other,63063,SC,transfer_in,3171.23,2390.57,0,0,2024-08-24 00:23:48.832428,00:23:48.832428,Android,two_factor,5,0,,,checking,21,398.78,50-65,8
3b0ca371-faca-40b9-afc7-4d22667b900a,Non-binary,43,White,00801,ID,online_purchase,70.79,46582.62,0,1,2024-07-20 14:44:07.641080,14:44:07.641080,iOS,biometric,11,3,,,,94,25.8,30-50,7
342d5373-b516-449a-91dc-df7bba7a7b11,Female,34,Mixed,02817,KY,transfer_in,18189.75,23281.08,0,1,2024-08-06 19:26:12.458260,19:26:12.458260,iOS,two_factor,42,4,,,savings,61,209.51,30-50,8
83411b4c-f568-4994-a819-bb8015c7f9e5,Female,58,Mixed,23164,OH,p2p_transfer,479.86,43479.95,0,0,2024-08-17 11:41:35.724263,11:41:35.724263,iOS,biometric,35,4,,,checking,76,425.62,50-65,8
9b85cf1c-c084-453d-91f6-39915e3bcfcc,Non-binary,49,White,89417,AS,logout,0.0,24381.88,0,1,2024-07-14 13:22:07.606232,13:22:07.606232,Android,biometric,28,10,,,,37,193.92,30-50,7
2427e176-4f9c-4a59-987d-07eb39999731,Non-binary,56,Black,59844,NV,online_purchase,7185.49,21429.06,1,0,2024-08-03 16:48:14.756196,16:48:14.756196,iOS,two_factor,35,2,,,,42,117.76,50-65,8
a372a183-350c-4f7f-b3b8-9c74cc0d308b,Female,43,White,00687,CA,logout,0.0,18937.32,0,0,2024-09-18 13:59:11.975610,13:59:11.975610,iOS,two_factor,32,10,,,,16,337.9,30-50,9
e56ddc18-de9a-487f-a75d-e567a0d621c3,Other,38,Mixed,02939,UT,online_purchase,12948.7,1755.12,0,1,2024-09-09 08:17:07.380062,08:17:07.380062,Android,password,10,3,,,,58,336.6,30-50,9
b17b6f76-5326-4129-a5e2-acf3cc9419b4,Other,31,Other,59743,WA,transfer_out,14916.52,15531.31,0,1,2024-08-01 10:16:18.665062,10:16:18.665062,Web,password,11,6,,,checking,45,95.92,30-50,8
19844bd0-d564-40ef-b20c-4635cea73f72,Male,49,Asian,55834,NY,investment,18150.53,32653.39,0,1,2024-10-08 18:18:17.456033,18:18:17.456033,Web,two_factor,49,0,stocks,9649.83,,86,197.57,30-50,10
6ab64773-7fad-49e3-8399-ae36c82f4268,Female,38,Hispanic,68094,HI,login,0.0,13909.58,0,0,2024-07-26 10:53:03.001753,10:53:03.001753,iOS,two_factor,50,5,,,,59,171.92,30-50,7
6c5a1241-a2e1-4a87-8239-d2a8252b67e4,Male,24,White,68048,OK,logout,0.0,1160.26,0,0,2024-08-17 00:27:06.150241,00:27:06.150241,iOS,biometric,28,7,,,,79,382.97,18-30,8
22c06305-9bbb-463d-8753-d8cc88a993c9,Other,48,Other,55518,PA,bill_payment,11733.17,10103.82,0,1,2024-09-23 06:31:26.528622,06:31:26.528622,Android,password,6,3,,,,21,69.43,30-50,9
da0cdf2e-3fcc-40aa-86da-6f305b45a047,Male,18,Hispanic,33497,WI,atm_withdrawal,17090.74,3114.31,0,1,2024-10-06 10:20:44.783987,10:20:44.783987,iOS,two_factor,39,9,,,,28,433.97,,10
05c98ffe-dbe6-4df5-b9fc-c07f078a6c8c,Female,29,Black,55445,IL,logout,0.0,20238.26,0,0,2024-09-25 13:55:21.004797,13:55:21.004797,iOS,two_factor,27,0,,,,2,295.22,18-30,9
5ceb86e5-a278-4602-8b67-dd9b5631c01d,Female,47,White,89760,LA,login,0.0,18963.28,0,1,2024-08-12 19:06:47.937961,19:06:47.937961,Android,password,18,3,,,,51,171.21,30-50,8
f2833b97-519d-46bb-b9c5-b2bbced51b8d,Male,22,Asian,19906,AS,transfer_in,16149.3,4400.96,0,0,2024-07-15 23:04:00.961424,23:04:00.961424,Web,password,6,4,,,checking,31,344.77,18-30,7
59efcaa4-4233-405b-8c03-8fafea1c102e,Other,48,Other,96927,VA,investment,3628.76,43110.28,0,1,2024-09-01 19:13:54.152174,19:13:54.152174,Web,two_factor,44,2,mutual_funds,5751.98,,49,440.99,30-50,9
d69f22fa-e1f3-42f7-a940-7df42d68bb6e,Male,21,Hispanic,80057,DE,transfer_out,16442.18,22518.77,0,1,2024-09-29 16:11:38.512762,16:11:38.512762,Android,biometric,40,2,,,checking,84,72.62,18-30,9
a813b05a-b718-40c7-b32a-5aa3a4998b36,Non-binary,31,Black,19942,KY,atm_withdrawal,8618.82,1488.53,0,0,2024-08-18 23:23:36.166248,23:23:36.166248,iOS,biometric,20,7,,,,57,254.21,30-50,8
877cb631-aa45-473b-8198-d90dccc6b6c7,Other,58,White,02904,WA,bill_payment,18385.64,47999.09,0,1,2024-08-13 14:42:30.639491,14:42:30.639491,Android,biometric,43,8,,,,11,13.04,50-65,8
1c31809c-3848-4b2d-910b-214609fc803c,Male,40,Hispanic,33773,ND,transfer_in,15823.16,19439.84,0,1,2024-07-14 14:10:21.203012,14:10:21.203012,Android,biometric,26,10,,,checking,76,420.88,30-50,7
b4db95d4-9e0f-45f8-8a14-dd030dfa49f8,Female,34,Black,63677,NJ,login,0.0,44776.99,0,0,2024-07-28 11:50:40.871238,11:50:40.871238,Android,two_factor,10,9,,,,44,470.95,30-50,7
425a5b14-5d6a-4501-8061-7c208dda1c16,Male,19,Mixed,57669,NV,investment,2908.59,30482.16,0,1,2024-09-12 01:33:49.322692,01:33:49.322692,iOS,two_factor,39,9,stocks,8213.9,,39,83.67,18-30,9
78ebe99f-ebcc-4f6b-b404-ebd4e5004694,Other,55,Black,75544,FL,bill_payment,5899.45,31992.64,1,0,2024-09-28 02:43:37.301934,02:43:37.301934,Web,biometric,31,1,,,,89,390.94,50-65,9
49fbb38f-f4f6-4758-9bf5-ce5c66e62a08,Non-binary,54,Other,05418,WA,logout,0.0,39122.2,0,0,2024-07-12 20:12:15.198393,20:12:15.198393,Android,biometric,30,8,,,,64,153.17,50-65,7
87f15612-9a07-439d-a7a6-738e93d26b56,Other,38,White,99375,MA,bill_payment,3794.67,7161.89,0,0,2024-10-06 02:29:12.942223,02:29:12.942223,Web,password,21,6,,,,87,212.87,30-50,10
ada2fff2-8b52-4678-8c05-a017143a7f3c,Female,36,White,02860,OK,transfer_in,5097.73,1088.01,0,0,2024-08-20 22:34:18.030213,22:34:18.030213,iOS,password,32,5,,,checking,9,151.34,30-50,8
fc3caf53-41cd-46b3-be2a-65e6458d7920,Female,28,Mixed,19743,NY,atm_withdrawal,12582.23,48994.22,0,1,2024-07-14 14:32:16.050508,14:32:16.050508,Android,password,10,8,,,,15,145.2,18-30,7
074426f1-84c2-47ad-ac76-aeed879f61e8,Other,52,White,89374,NJ,online_purchase,14168.49,34356.41,0,0,2024-08-11 12:55:49.728949,12:55:49.728949,iOS,password,46,7,,,,54,209.51,50-65,8
f5b4162c-6221-49f4-96a4-c595fa168c33,Female,22,White,23164,FL,logout,0.0,3855.48,0,1,2024-08-25 16:42:43.063825,16:42:43.063825,Web,password,18,4,,,,8,112.95,18-30,8
7384730b-d0f6-401d-81d4-eb41e863e330,Male,56,Asian,19905,SC,p2p_transfer,16571.48,7236.81,0,0,2024-08-06 15:44:20.939366,15:44:20.939366,iOS,biometric,43,0,,,checking,0,0.0,50-65,8
42d58524-a91c-43d5-a513-2a805610ad65,Female,24,Black,06051,TX,login,0.0,42476.62,0,0,2024-08-06 02:43:41.637158,02:43:41.637158,iOS,biometric,27,8,,,,93,412.56,18-30,8
4a81f1da-ce15-4144-a700-b62c2c184fe8,Male,25,White,39099,HI,atm_withdrawal,9431.14,24631.33,0,0,2024-07-12 17:18:18.107580,17:18:18.107580,Web,password,22,2,,,,60,277.34,18-30,7
1a71d89d-bba9-4ae4-964b-7d8c58c54bdb,Other,19,Asian,99845,UT,transfer_out,7854.93,42124.83,0,0,2024-09-18 05:50:19.528612,05:50:19.528612,Web,biometric,34,8,,,savings,85,377.29,18-30,9
5665d8d5-37dd-4d4b-a19e-11b6ea0e408e,Non-binary,51,Black,68055,AS,p2p_transfer,5245.57,30834.01,1,1,2024-07-13 03:06:44.625816,03:06:44.625816,Web,biometric,30,5,,,savings,63,241.69,50-65,7
be50acdb-3b6c-499d-8a44-c50bd4607dd5,Non-binary,23,Mixed,37602,OK,atm_withdrawal,13795.53,14402.47,0,0,2024-08-03 05:30:13.814340,05:30:13.814340,Android,password,12,8,,,,36,89.32,18-30,8
671f5071-d8f3-4efe-bd51-e82269fe271d,Other,58,White,22124,UT,online_purchase,18393.15,3915.26,0,1,2024-08-15 13:09:45.175249,13:09:45.175249,Web,password,1,6,,,,34,371.14,50-65,8
344de10a-4d62-4225-a6c8-36fc7828e951,Male,57,Hispanic,23771,TN,transfer_in,17860.85,16009.71,1,1,2024-08-20 02:50:53.282357,02:50:53.282357,Android,two_factor,4,0,,,checking,36,476.65,50-65,8
edbaa48b-224e-49cd-afb1-5b3499d1cd69,Female,20,Mixed,23904,NY,login,0.0,474.47,0,1,2024-07-31 21:25:58.591074,21:25:58.591074,Android,two_factor,41,9,,,,15,328.21,18-30,7
6ca0a83f-4a18-4fc7-9618-8bc17b2e9b9c,Non-binary,43,Black,99069,MA,login,0.0,30756.79,0,1,2024-08-28 19:44:21.248890,19:44:21.248890,Android,two_factor,29,8,,,,72,124.26,30-50,8
ed254e02-298b-419f-9033-c87bf48b9fea,Female,55,Other,59077,WA,logout,0.0,14232.94,0,1,2024-07-20 10:53:43.242288,10:53:43.242288,Android,biometric,39,8,,,,29,144.7,50-65,7
560a43d3-5ea6-4ed0-996b-77ce654003e9,Male,55,Mixed,31013,IN,investment,12542.37,43688.83,0,0,2024-07-18 02:10:53.820795,02:10:53.820795,Android,biometric,39,7,ETFs,3363.59,,4,448.62,50-65,7
a3b56078-cdf8-45bc-94e7-0b30ac69c9e9,Non-binary,40,Black,03550,FL,online_purchase,10494.31,33317.68,0,0,2024-08-22 01:10:01.942743,01:10:01.942743,Android,biometric,10,5,,,,49,68.96,30-50,8
33d51ced-3372-45a7-9ef5-89efee8e3a6c,Female,27,Mixed,80878,NY,atm_withdrawal,6733.41,47201.68,0,0,2024-08-16 12:16:32.649144,12:16:32.649144,Web,biometric,44,8,,,,10,337.88,18-30,8
ceb8962b-55ba-4aa8-9a22-977cf6c15915,Non-binary,40,Black,39648,TX,logout,0.0,44501.33,0,0,2024-07-12 08:48:14.862507,08:48:14.862507,Android,two_factor,32,4,,,,93,319.3,30-50,7
bfb30ba7-9983-49c2-8a1c-555cfeb2c2d4,Other,58,White,79554,KS,p2p_transfer,5980.61,27315.3,0,1,2024-09-04 06:55:49.257996,06:55:49.257996,iOS,biometric,32,1,,,savings,42,52.98,50-65,9
12c77a92-2953-4f83-812b-1ee5b8165087,Non-binary,64,Mixed,00625,KS,atm_withdrawal,17498.53,35935.31,0,1,2024-08-13 11:03:31.857699,11:03:31.857699,Android,biometric,24,1,,,,40,156.71,50-65,8
b2fe39bc-8a8d-4a8f-99f1-0696765c4df6,Female,35,Hispanic,05451,AZ,p2p_transfer,19823.62,37031.79,0,1,2024-08-21 07:40:38.469017,07:40:38.469017,Android,password,25,5,,,savings,82,20.57,30-50,8
3bcfff83-3b51-4353-8be2-cab54f450852,Male,26,Other,96962,ID,logout,0.0,35655.47,0,0,2024-09-19 04:15:31.605208,04:15:31.605208,Web,password,16,8,,,,52,352.85,18-30,9
5aeb48fc-c028-4f26-bdf9-0a6096ee6931,Male,20,Hispanic,96968,AS,p2p_transfer,935.56,496.32,0,0,2024-08-08 16:10:36.091043,16:10:36.091043,Android,password,43,10,,,checking,14,39.63,18-30,8
4e4a0c82-98b8-4f84-bb24-f65acf37a19d,Male,45,Asian,79878,NY,login,0.0,30710.65,0,1,2024-08-12 23:46:19.970954,23:46:19.970954,Web,biometric,14,2,,,,34,52.52,30-50,8
f4b50999-c96a-4592-9cb0-06d97eb44577,Male,55,Mixed,77368,LA,atm_withdrawal,6273.78,35523.53,0,1,2024-08-20 19:21:46.478347,19:21:46.478347,Web,password,30,8,,,,82,278.58,50-65,8
c7baf7b7-57d1-447a-afd5-f34053aefd4a,Other,37,Hispanic,96967,HI,investment,1994.76,29800.31,0,0,2024-09-12 23:16:18.338902,23:16:18.338902,Android,two_factor,40,0,ETFs,9077.34,,35,84.61,30-50,9
14a20d9d-124b-4e2b-b8ae-6690f58f1bd1,Other,43,Mixed,81345,UT,atm_withdrawal,14104.83,4418.25,0,1,2024-08-10 02:08:57.343398,02:08:57.343398,Android,password,17,0,,,,63,327.97,30-50,8
0f779825-caec-48e6-a8c9-5d1a3cbc91ba,Non-binary,56,Other,02931,NY,transfer_out,16358.21,15368.64,0,0,2024-07-18 15:21:31.878517,15:21:31.878517,Web,password,35,8,,,savings,89,90.57,50-65,7
137e71b5-8ec0-4cd0-b4f0-025df0d1cd07,Male,48,Hispanic,38304,NJ,investment,10898.97,12748.88,0,1,2024-09-09 02:03:22.317419,02:03:22.317419,Web,password,43,6,cryptocurrency,6166.17,,100,231.96,30-50,9
a384538b-f0e3-4e69-aa75-ac6c08842a37,Female,49,Asian,98485,OH,online_purchase,18701.17,48306.67,0,0,2024-08-25 06:20:29.373986,06:20:29.373986,Web,two_factor,6,0,,,,87,446.57,30-50,8
92de047a-b4d8-4da0-9439-56a889e7535a,Female,57,Asian,84344,AZ,investment,6389.73,39866.79,0,0,2024-09-25 15:21:19.793924,15:21:19.793924,iOS,password,20,2,cryptocurrency,8231.05,,91,80.93,50-65,9
d763e14e-0960-42de-821b-de0b46078835,Non-binary,37,White,57275,FL,logout,0.0,41799.85,0,1,2024-09-02 03:53:54.859857,03:53:54.859857,Android,two_factor,9,7,,,,64,260.93,30-50,9
14a20d9d-124b-4e2b-b8ae-6690f58f1bd1,Other,43,Mixed,81345,UT,p2p_transfer,170.98,37629.7,0,0,2024-09-14 17:25:33.592425,17:25:33.592425,Web,password,50,9,,,checking,96,268.74,30-50,9
f0519b7d-4048-4df9-9d51-9a1bcf0bb22d,Female,35,Other,19800,UT,login,0.0,40156.47,0,0,2024-09-10 12:55:38.276553,12:55:38.276553,Web,biometric,26,2,,,,18,380.79,30-50,9
64969be2-3ad9-4862-be86-633125a314c8,Other,60,White,00804,AS,atm_withdrawal,14248.66,39430.51,0,0,2024-07-10 11:41:20.586708,11:41:20.586708,Android,two_factor,35,0,,,,9,171.67,50-65,7
00b58fee-52fb-4fa0-82aa-40e7e12c50de,Non-binary,35,Black,21004,ND,online_purchase,13759.75,38141.95,0,0,2024-09-14 14:26:59.037208,14:26:59.037208,iOS,biometric,26,3,,,,39,448.63,30-50,9
38e20365-9967-427e-94c5-43768f55f295,Other,34,Black,00608,NY,investment,1975.08,1813.96,0,1,2024-09-02 17:29:31.969815,17:29:31.969815,Android,password,43,6,cryptocurrency,2385.62,,44,241.98,30-50,9
3771e7b6-c330-4182-81b9-9e5fbf35cd4a,Male,63,Mixed,00801,KY,login,0.0,18783.06,0,0,2024-08-20 18:26:40.723499,18:26:40.723499,iOS,two_factor,25,8,,,,28,86.52,50-65,8
f036e6f3-6f36-4a62-b882-925c0fbbce09,Non-binary,39,White,90163,ID,atm_withdrawal,12752.1,24008.79,0,1,2024-10-03 18:17:19.306889,18:17:19.306889,Web,biometric,9,1,,,,11,447.17,30-50,10
92de047a-b4d8-4da0-9439-56a889e7535a,Female,57,Asian,84344,AZ,transfer_out,1632.36,14014.8,0,0,2024-08-05 23:15:21.281508,23:15:21.281508,Web,biometric,12,10,,,checking,86,351.73,50-65,8
c629b0f0-d4d2-4c83-9bf8-54c26f57ecc9,Non-binary,35,White,67813,ID,p2p_transfer,7380.79,7671.06,0,0,2024-08-17 09:11:15.139025,09:11:15.139025,Web,two_factor,48,4,,,checking,100,128.33,30-50,8
477ca220-918f-4404-b7e5-21112ce98cac,Male,41,Other,21204,LA,investment,10361.98,36828.35,0,1,2024-08-05 14:38:46.871587,14:38:46.871587,Android,two_factor,15,4,stocks,71.25,,57,403.77,30-50,8
e3b1335a-9917-46b1-8bfe-7996e47a67f3,Other,50,Mixed,80737,SC,transfer_out,17927.18,4473.81,0,1,2024-08-01 10:43:23.572911,10:43:23.572911,Web,password,32,6,,,checking,94,438.74,30-50,8
72aa64a2-8d07-4890-8265-fc4f8773555f,Female,37,Other,84215,WA,p2p_transfer,15809.03,22554.93,0,1,2024-07-28 17:18:24.923568,17:18:24.923568,Web,biometric,41,10,,,savings,28,141.12,30-50,7
09d2cdc4-f25f-41ac-99b3-bd622a8a28cb,Other,24,White,19874,PA,bill_payment,802.38,49290.76,0,1,2024-08-13 11:11:06.584330,11:11:06.584330,Android,password,25,1,,,,91,465.15,18-30,8
3f83b797-5a2d-4438-acda-6fff65b5b612,Male,19,Hispanic,57631,NV,p2p_transfer,15943.82,10133.96,0,0,2024-07-23 07:46:45.708132,07:46:45.708132,iOS,biometric,43,6,,,savings,29,274.5,18-30,7
b1a7ac0b-9f78-4f1d-88d8-0501b9ee4c4a,Male,56,Mixed,75851,NV,p2p_transfer,18776.08,23561.63,0,0,2024-08-20 14:28:21.726625,14:28:21.726625,Android,two_factor,25,9,,,checking,91,85.53,50-65,8
dba1c499-4a73-4a57-a33f-9e54eafbce8e,Non-binary,41,Hispanic,31621,TN,bill_payment,2063.44,32928.6,0,0,2024-08-18 16:06:16.016072,16:06:16.016072,Android,two_factor,36,2,,,,98,410.45,30-50,8
687642e9-a864-42ca-bd6c-95ff8990111f,Female,22,Mixed,67937,WI,transfer_in,11577.66,7962.98,0,0,2024-08-03 22:32:30.300024,22:32:30.300024,iOS,password,33,4,,,savings,58,493.53,18-30,8
3ca33176-63c7-441d-8ee0-cedc43f5759b,Non-binary,48,Hispanic,06330,WV,login,0.0,20707.2,0,1,2024-09-30 18:54:19.717629,18:54:19.717629,iOS,two_factor,30,5,,,,53,293.06,30-50,9
fedeb57b-0b64-4064-949b-a2911b43322d,Male,64,Mixed,39573,WV,online_purchase,11618.26,7915.08,0,1,2024-08-01 09:50:59.103273,09:50:59.103273,Web,two_factor,42,10,,,,19,378.49,50-65,8
440b89f3-7233-4a2a-b157-22223b7236e4,Male,42,Hispanic,40461,PR,investment,910.97,24738.98,0,0,2024-09-08 06:30:52.451093,06:30:52.451093,Android,two_factor,9,0,stocks,2696.68,,24,47.94,30-50,9
5b035a8f-186f-4634-9557-4bf45dd581a6,Other,55,Other,00668,GA,investment,19567.25,20724.76,0,0,2024-08-02 17:19:02.551344,17:19:02.551344,Web,biometric,4,2,cryptocurrency,4701.55,,44,126.61,50-65,8
232c134c-b0d0-403b-83a5-a8273123649e,Other,58,Hispanic,68083,NY,logout,0.0,4391.72,0,1,2024-07-18 18:20:54.102092,18:20:54.102092,Android,biometric,0,10,,,,36,75.37,50-65,7
6b5006ac-5caa-48d1-83ae-c445de22c704,Male,57,Hispanic,98784,NE,atm_withdrawal,12445.73,11927.11,1,1,2024-09-07 20:16:12.907478,20:16:12.907478,Web,biometric,18,2,,,,43,176.26,50-65,9
94d7d546-c1c1-46d4-80b2-b9d4ab7b6e61,Other,20,White,56192,CO,atm_withdrawal,17448.64,28870.75,0,1,2024-09-10 14:01:14.070693,14:01:14.070693,Android,two_factor,10,6,,,,14,457.09,18-30,9
37e012ee-057c-4a6d-953b-00e1f14e393c,Other,47,Asian,06196,WV,login,0.0,18829.6,0,1,2024-09-26 19:29:47.433131,19:29:47.433131,Android,password,20,4,,,,72,360.86,30-50,9
8088650b-4879-4491-804d-a94761f1805a,Female,45,White,81159,MP,login,0.0,8359.84,0,1,2024-07-17 03:51:37.367250,03:51:37.367250,Android,two_factor,28,7,,,,63,297.33,30-50,7
43de1807-9346-41d8-b8a6-150522ad4466,Other,20,Other,00687,DC,atm_withdrawal,6957.71,29800.26,0,1,2024-08-13 15:52:41.262637,15:52:41.262637,iOS,biometric,14,0,,,,52,48.11,18-30,8
919f04cd-d954-45e3-bb83-cfa6b2dd67a1,Female,65,Mixed,24058,AS,login,0.0,44594.28,0,0,2024-09-05 13:49:46.721531,13:49:46.721531,Web,password,12,6,,,,91,340.9,50-65,9
ed254e02-298b-419f-9033-c87bf48b9fea,Female,55,Other,59077,WA,transfer_out,19315.19,7241.29,0,1,2024-07-15 23:00:55.402633,23:00:55.402633,iOS,biometric,6,0,,,savings,59,32.61,50-65,7
f75b4dff-3eea-46e5-8d30-f25448c331f3,Non-binary,33,Mixed,06052,WI,transfer_in,14522.71,39382.35,0,1,2024-08-08 10:56:44.444137,10:56:44.444137,Android,biometric,38,6,,,savings,89,63.24,30-50,8
93338a7a-b488-44ab-8c23-17f3e40e55c2,Non-binary,29,Asian,06142,NV,bill_payment,13467.26,38760.24,0,0,2024-08-18 23:55:00.389906,23:55:00.389906,Android,password,20,10,,,,34,26.78,18-30,8
0c00245e-31a9-417f-a159-0937b0c39252,Female,44,Black,84648,FL,bill_payment,4350.31,2141.17,0,0,2024-09-09 08:16:17.315739,08:16:17.315739,Web,biometric,9,8,,,,20,428.78,30-50,9
872e8051-bbcc-4695-badc-9170dbc19ca0,Other,44,Black,21689,MN,transfer_in,12140.18,23238.75,0,1,2024-09-20 20:02:17.971451,20:02:17.971451,Android,biometric,5,5,,,checking,29,150.98,30-50,9
a384538b-f0e3-4e69-aa75-ac6c08842a37,Female,49,Asian,98485,OH,login,0.0,7539.08,0,0,2024-07-29 02:31:14.609275,02:31:14.609275,iOS,two_factor,5,0,,,,98,102.85,30-50,7
29dfc242-8041-43d8-86cd-3e1987554200,Male,58,Mixed,24370,UT,bill_payment,10311.61,43204.64,0,1,2024-10-08 22:46:28.310168,22:46:28.310168,Android,biometric,4,5,,,,67,169.27,50-65,10
90c618e2-1e25-4934-895b-1272aba52dc0,Female,65,Mixed,21171,FL,transfer_in,7299.83,31883.7,0,0,2024-08-03 03:19:59.056867,03:19:59.056867,Android,two_factor,0,0,,,checking,57,486.03,50-65,8
4c8b7fc4-a12d-4692-a407-d683a22ee49c,Female,24,Mixed,80730,IN,transfer_out,17101.87,15606.41,0,1,2024-07-12 14:37:52.524963,14:37:52.524963,Web,biometric,38,7,,,savings,82,477.59,18-30,7
877cb631-aa45-473b-8198-d90dccc6b6c7,Other,58,White,02904,WA,investment,12151.94,33033.39,0,1,2024-08-16 08:02:48.311828,08:02:48.311828,Android,two_factor,12,4,stocks,4145.35,,11,159.11,50-65,8
d6670b32-ac80-4027-8cd4-5b7381d4a6c9,Other,46,White,80064,AS,investment,9231.29,37388.12,0,1,2024-08-14 16:18:15.057622,16:18:15.057622,Android,password,3,0,stocks,6955.13,,13,59.93,30-50,8
7044d185-5610-47e6-9bac-5cb671ac3fdb,Female,63,Mixed,38912,IL,atm_withdrawal,11587.79,38225.11,0,1,2024-09-06 03:43:57.889283,03:43:57.889283,iOS,biometric,8,4,,,,86,157.14,50-65,9
2007a194-70a3-4c8a-8862-75f553c1ccad,Non-binary,35,Hispanic,98639,ID,investment,2846.37,42053.09,0,0,2024-07-11 00:43:37.766877,00:43:37.766877,Android,biometric,11,4,cryptocurrency,8363.51,,21,415.76,30-50,7
0a4e0674-2ace-4a32-b9bb-1412938fd239,Non-binary,21,Other,93783,TN,logout,0.0,2411.14,0,1,2024-08-06 16:35:24.874324,16:35:24.874324,Android,two_factor,46,6,,,,27,387.33,18-30,8
dc44858b-9667-4f45-9213-dc2ec3bb6953,Female,53,Hispanic,19892,LA,transfer_out,12728.48,14804.8,1,1,2024-09-16 08:22:58.920954,08:22:58.920954,Web,password,16,2,,,savings,92,125.29,50-65,9
d82ca37d-7e12-43a8-86cb-136250668bb5,Other,18,Hispanic,63563,AS,p2p_transfer,14311.63,44320.28,0,0,2024-07-14 14:57:44.199703,14:57:44.199703,Android,biometric,33,3,,,checking,6,336.24,,7
cfcf528f-dd4e-46a7-984f-cf1e86b6df5b,Other,52,Asian,84578,OH,p2p_transfer,18912.49,40156.87,0,0,2024-09-30 23:29:23.427818,23:29:23.427818,Android,two_factor,43,3,,,checking,23,376.99,50-65,9
59343d6e-4f97-4a0e-8c0b-007254b58b2e,Male,24,White,05104,KS,logout,0.0,22918.27,0,0,2024-07-13 12:16:59.243767,12:16:59.243767,iOS,two_factor,19,0,,,,23,155.58,18-30,7
37e3f549-f3d9-4a32-bf0d-609cf029295c,Female,43,Mixed,59258,SC,transfer_in,7372.01,10569.5,0,0,2024-09-06 03:17:55.093401,03:17:55.093401,iOS,two_factor,30,8,,,savings,64,162.98,30-50,9
b59833b0-3d00-4290-9dba-36858c0bfa76,Male,54,Mixed,65182,LA,atm_withdrawal,12211.09,35449.31,0,1,2024-08-02 08:15:46.739140,08:15:46.739140,Web,password,42,3,,,,82,57.76,50-65,8
d03c7c38-cce7-4b90-af93-d356d28e0739,Female,51,White,21679,OK,logout,0.0,16152.29,0,1,2024-09-23 07:00:45.609919,07:00:45.609919,iOS,password,14,2,,,,31,418.65,50-65,9
42555f3a-e2e9-4b66-b66f-7be2e23b23bb,Other,57,Hispanic,19874,IL,online_purchase,14366.84,40834.1,1,1,2024-09-09 06:14:11.244484,06:14:11.244484,Web,two_factor,6,10,,,,76,167.95,50-65,9
e233731b-7c5e-4f08-b633-902652d73264,Non-binary,33,White,41855,UT,p2p_transfer,2909.41,23532.36,0,0,2024-10-01 13:34:26.755132,13:34:26.755132,Web,password,1,3,,,savings,94,284.47,30-50,10
3ac53943-5ebd-4822-9e1e-39870b3a156a,Male,47,Asian,90376,VA,transfer_out,19994.99,32382.94,0,0,2024-08-06 16:34:42.778828,16:34:42.778828,Web,biometric,8,1,,,savings,3,448.2,30-50,8
277a1e16-1cea-4814-a116-fe14e594e3cf,Female,65,Mixed,79411,AS,p2p_transfer,14153.08,41182.08,0,1,2024-08-07 21:23:51.613871,21:23:51.613871,Android,biometric,10,4,,,savings,54,400.28,50-65,8
f7c4e1ea-3dff-4eff-a0c2-eeaca0125124,Non-binary,54,Asian,55059,WV,login,0.0,32742.66,0,0,2024-08-21 09:29:05.488155,09:29:05.488155,Web,password,18,7,,,,8,83.74,50-65,8
78f419a5-51e3-4510-864e-dd3efb98a42f,Female,56,Black,23504,KS,atm_withdrawal,4921.88,31507.97,0,1,2024-07-27 01:46:49.291381,01:46:49.291381,Web,password,1,0,,,,64,90.65,50-65,7
c629b0f0-d4d2-4c83-9bf8-54c26f57ecc9,Non-binary,35,White,67813,ID,online_purchase,401.52,49804.7,0,1,2024-10-05 07:35:13.828132,07:35:13.828132,iOS,two_factor,41,3,,,,42,81.82,30-50,10
9b85cf1c-c084-453d-91f6-39915e3bcfcc,Non-binary,49,White,89417,AS,transfer_in,17624.15,42894.3,0,1,2024-09-20 19:13:29.206618,19:13:29.206618,iOS,two_factor,15,4,,,savings,57,398.35,30-50,9
1b06f351-909b-4856-b58d-58526ab76d56,Non-binary,55,White,70369,NY,atm_withdrawal,3983.2,4038.34,0,0,2024-07-11 20:33:55.119312,20:33:55.119312,Android,biometric,18,0,,,,6,82.96,50-65,7
e4231ae1-e91b-4ff2-9cbb-92e32eb79445,Male,40,Hispanic,37258,AS,investment,15313.66,31403.28,0,0,2024-08-27 17:46:03.508240,17:46:03.508240,Web,password,24,5,cryptocurrency,1566.75,,73,75.91,30-50,8
75894fb6-bd93-4dae-be95-e797a7209b7b,Female,63,Black,76975,NV,p2p_transfer,5328.85,27467.35,1,1,2024-09-23 12:56:13.374352,12:56:13.374352,Android,password,22,8,,,savings,42,146.9,50-65,9
08b5152e-2501-43d3-9a60-43045c464f55,Male,51,White,79499,WI,p2p_transfer,17186.99,244.31,1,0,2024-09-10 08:57:42.381474,08:57:42.381474,iOS,password,42,2,,,savings,81,499.2,50-65,9
7396ef54-11df-4c26-89d9-609459ee5c3a,Male,54,Other,00609,TX,investment,19201.0,14703.49,0,1,2024-10-08 22:11:49.346711,22:11:49.346711,Web,two_factor,40,4,cryptocurrency,5257.26,,24,365.08,50-65,10
b9f6cb1f-8184-4fc0-841d-d9bb9d1f39f3,Female,51,White,68107,WA,login,0.0,34693.56,0,0,2024-08-16 21:49:26.805862,21:49:26.805862,Web,biometric,32,1,,,,88,258.16,50-65,8
2e24a551-9589-4acd-bdac-0a6e2e7b9bd3,Male,50,Asian,70069,KS,investment,1626.37,16014.03,0,1,2024-08-26 14:53:45.261311,14:53:45.261311,Web,two_factor,13,9,mutual_funds,4830.96,,31,96.92,30-50,8
aa4ac3ea-6754-4424-898e-ef6e9001a574,Male,57,Black,33006,NV,bill_payment,13054.82,33784.94,1,1,2024-09-05 22:45:34.404074,22:45:34.404074,Web,password,49,5,,,,8,259.05,50-65,9
9d618f45-4798-4b81-b420-fce69d6b79e3,Non-binary,52,Black,06305,UT,online_purchase,13657.36,25361.66,1,1,2024-08-02 20:57:18.673673,20:57:18.673673,Web,two_factor,19,8,,,,68,429.31,50-65,8
e27be51f-8769-4cb2-844d-c8884f326d05,Non-binary,45,Black,96966,LA,login,0.0,29610.25,0,0,2024-09-04 08:38:29.798491,08:38:29.798491,Android,biometric,46,6,,,,10,266.67,30-50,9
e0f4915f-c903-4e8a-a30f-3d0d7df3fa01,Female,59,Other,02836,PA,atm_withdrawal,8493.35,10817.1,0,0,2024-07-15 14:22:06.056010,14:22:06.056010,iOS,biometric,8,8,,,,53,363.52,50-65,7
a1cfec36-8d96-4c28-ad33-c7178efef37b,Male,43,White,60832,NJ,online_purchase,9428.32,42487.17,0,1,2024-08-01 15:56:59.299014,15:56:59.299014,Web,two_factor,23,6,,,,28,317.05,30-50,8
b90e1544-fef7-48eb-a50c-28333562ae05,Male,19,Asian,22782,CA,login,0.0,6081.81,0,0,2024-09-11 03:42:42.668555,03:42:42.668555,iOS,biometric,27,2,,,,18,133.28,18-30,9
8e82e9ad-2561-4c7a-b381-99e053e363cd,Other,51,Other,96968,WV,online_purchase,14716.78,47700.16,0,1,2024-08-25 04:08:24.770683,04:08:24.770683,Android,biometric,8,1,,,,23,464.43,50-65,8
83411b4c-f568-4994-a819-bb8015c7f9e5,Female,58,Mixed,23164,OH,login,0.0,20230.97,0,1,2024-07-25 07:23:53.399777,07:23:53.399777,Android,password,8,7,,,,42,202.38,50-65,7
1a9aa2ff-62b7-4c28-be70-e50e67f4d849,Non-binary,64,Hispanic,21087,AS,login,0.0,11049.56,0,0,2024-10-06 08:43:37.229929,08:43:37.229929,Web,biometric,22,5,,,,88,359.3,50-65,10
c66109ea-83ce-4d10-b741-ccb2a9f19858,Other,38,Hispanic,76799,KS,transfer_in,19172.75,35936.12,0,1,2024-09-27 03:22:35.689447,03:22:35.689447,Web,biometric,16,7,,,checking,24,72.2,30-50,9
11d29b85-3b70-479f-a85b-fc47f79b3e94,Male,54,Other,32742,SC,login,0.0,45514.2,0,1,2024-08-11 13:00:05.113757,13:00:05.113757,Android,password,37,9,,,,17,489.26,50-65,8
342d5373-b516-449a-91dc-df7bba7a7b11,Female,34,Mixed,02817,KY,online_purchase,18129.86,39595.31,0,0,2024-08-05 06:27:39.935827,06:27:39.935827,Web,two_factor,33,4,,,,46,322.85,30-50,8
5f3fa3a0-c03f-4638-a0dc-5d97bbe606a7,Male,46,Mixed,70103,LA,transfer_in,3919.58,15819.92,0,0,2024-07-12 16:51:53.170006,16:51:53.170006,Android,biometric,1,0,,,checking,20,69.82,30-50,7
78ebe99f-ebcc-4f6b-b404-ebd4e5004694,Other,55,Black,75544,FL,logout,0.0,8747.8,0,1,2024-07-29 20:30:34.585560,20:30:34.585560,Web,password,0,8,,,,9,231.54,50-65,7
37e012ee-057c-4a6d-953b-00e1f14e393c,Other,47,Asian,06196,WV,bill_payment,1416.4,13878.42,0,0,2024-07-30 15:00:25.461024,15:00:25.461024,iOS,password,42,9,,,,42,184.54,30-50,7
e6207e4a-bcfa-4ecd-8944-245298246ace,Male,54,Asian,00801,KY,transfer_out,19351.28,20437.9,0,0,2024-07-10 20:36:25.433852,20:36:25.433852,iOS,password,48,7,,,savings,34,177.28,50-65,7
686aab23-a74d-4edf-ad8f-c281d14d9d37,Male,40,Asian,04197,LA,login,0.0,14148.52,0,0,2024-07-19 04:23:12.892754,04:23:12.892754,iOS,biometric,11,4,,,,60,331.16,30-50,7
b33679af-15bd-4b8d-a440-2a1e380718a0,Female,51,White,04627,NE,investment,15017.43,26772.7,0,1,2024-08-02 21:47:06.028728,21:47:06.028728,Android,two_factor,35,3,ETFs,2450.43,,98,498.09,50-65,8
724b601d-055c-44c0-b1d6-b265e02cbe27,Female,63,Other,22782,SC,p2p_transfer,7626.41,20430.74,0,0,2024-08-14 21:48:02.365017,21:48:02.365017,Web,two_factor,48,4,,,savings,89,309.66,50-65,8
882e7c43-c015-4ddd-b28b-92b3d14383ca,Male,55,White,57669,AZ,p2p_transfer,10067.43,21313.22,0,1,2024-09-19 03:56:39.424222,03:56:39.424222,Web,biometric,34,8,,,checking,74,340.9,50-65,9
c5931105-1111-4a98-8c54-abfe56ea39de,Non-binary,63,Black,98639,SC,bill_payment,17017.96,21784.24,1,1,2024-07-20 08:30:59.611269,08:30:59.611269,iOS,password,16,1,,,,39,207.74,50-65,7
02d06bd1-36b0-446a-a230-0e42a2722959,Other,49,White,78224,WV,p2p_transfer,10618.77,26904.04,0,1,2024-09-04 02:38:24.008671,02:38:24.008671,Web,password,44,7,,,savings,3,111.72,30-50,9
4f20b174-5097-4a65-998d-ee89ca65b85a,Female,31,Hispanic,83837,TX,atm_withdrawal,6822.2,28284.07,0,1,2024-09-11 08:58:10.660266,08:58:10.660266,Web,two_factor,7,9,,,,75,308.4,30-50,9
6db25f8e-b656-4314-b6f6-c4992961b74d,Male,52,Hispanic,40011,NE,login,0.0,19135.26,0,1,2024-08-06 22:13:19.088720,22:13:19.088720,iOS,password,15,4,,,,53,449.87,50-65,8
b86eedce-0338-44c5-9aae-0f3e3e0c04b7,Female,25,Hispanic,02897,AS,p2p_transfer,18903.2,1888.93,0,1,2024-07-31 23:48:56.869269,23:48:56.869269,iOS,two_factor,1,1,,,checking,87,30.22,18-30,7
e24c4a40-da81-40f7-b410-b1c4c9f3c4c7,Non-binary,28,White,23206,AZ,online_purchase,1790.88,25870.3,0,0,2024-09-04 00:51:21.650528,00:51:21.650528,Android,password,9,2,,,,56,255.31,18-30,9
ce61f461-836e-418c-95ac-d88ccd25bfe0,Other,42,White,75864,MP,login,0.0,3999.45,0,1,2024-10-07 08:53:27.066057,08:53:27.066057,iOS,password,1,5,,,,10,243.52,30-50,10
e2475373-01c8-4e70-9ad4-627906bbcdfd,Female,52,Black,38912,VA,online_purchase,5814.04,9045.25,1,1,2024-07-22 10:24:11.639811,10:24:11.639811,Android,password,3,7,,,,23,146.92,50-65,7
9492d637-b480-4a6a-b1ea-3f874729ef9e,Male,58,Asian,84446,LA,p2p_transfer,2417.83,6433.38,0,1,2024-08-07 19:45:20.703922,19:45:20.703922,Android,password,23,1,,,checking,8,261.4,50-65,8
8eb25383-473b-43b2-a52f-a4c0c974c96f,Other,27,Mixed,99879,AS,online_purchase,9489.14,28282.95,0,1,2024-09-29 14:14:19.433066,14:14:19.433066,Android,two_factor,8,10,,,,89,425.0,18-30,9
6773a8e0-7899-4ddb-a0a6-d53dea997de9,Female,29,Hispanic,40011,WY,atm_withdrawal,9118.52,21000.69,0,1,2024-09-27 18:44:54.422642,18:44:54.422642,iOS,two_factor,19,2,,,,23,217.24,18-30,9
9cf68289-259c-4158-81d1-8d1730d782ff,Female,61,Other,99049,NJ,online_purchase,14784.02,10906.37,0,1,2024-09-18 18:57:16.104964,18:57:16.104964,Web,two_factor,34,5,,,,95,267.1,50-65,9
a8d311c1-7b2f-4edc-a1c3-6dcc7938371f,Female,37,Mixed,96866,KY,atm_withdrawal,5001.18,21042.79,0,0,2024-09-10 15:28:09.040689,15:28:09.040689,Web,biometric,39,5,,,,15,440.6,30-50,9
a0284bdf-2344-45d4-9d3d-9504bd7234cf,Male,29,Other,80827,AS,transfer_in,18944.94,45761.71,0,1,2024-07-09 19:57:27.561513,19:57:27.561513,Web,biometric,32,0,,,checking,41,305.71,18-30,7
be4b701a-7945-4817-8923-32b9caa7617c,Other,18,Mixed,34386,FL,transfer_out,13678.71,39819.48,0,0,2024-07-11 06:51:43.165269,06:51:43.165269,Web,password,21,5,,,checking,55,411.39,,7
a372a183-350c-4f7f-b3b8-9c74cc0d308b,Female,43,White,00687,CA,transfer_in,1057.6,44109.76,0,1,2024-07-27 17:04:59.824409,17:04:59.824409,iOS,two_factor,41,9,,,savings,24,453.22,30-50,7
ae1a5fde-1dea-4c40-9cf4-947e66903072,Male,60,White,24058,UT,online_purchase,522.49,38497.75,0,1,2024-09-09 15:02:13.275978,15:02:13.275978,Android,two_factor,3,6,,,,1,174.48,50-65,9
7e869cd3-052f-4fd2-b9d6-b273dc1ac838,Male,46,White,55445,WA,transfer_in,4144.56,21154.62,0,1,2024-09-01 13:30:03.239291,13:30:03.239291,Web,two_factor,18,1,,,savings,51,175.87,30-50,9
ed254e02-298b-419f-9033-c87bf48b9fea,Female,55,Other,59077,WA,online_purchase,15180.59,14504.18,0,1,2024-09-21 18:37:29.446807,18:37:29.446807,iOS,biometric,3,3,,,,64,276.65,50-65,9
a3b56078-cdf8-45bc-94e7-0b30ac69c9e9,Non-binary,40,Black,03550,FL,p2p_transfer,14822.73,38373.69,0,0,2024-09-24 16:11:30.383201,16:11:30.383201,Web,two_factor,30,0,,,savings,34,458.28,30-50,9
3ac53943-5ebd-4822-9e1e-39870b3a156a,Male,47,Asian,90376,VA,bill_payment,16348.03,11985.53,0,1,2024-08-17 14:02:21.927605,14:02:21.927605,Android,biometric,8,9,,,,76,466.9,30-50,8
5a529ce9-3176-4617-87f2-b8411d753177,Male,32,Asian,33483,HI,investment,10919.07,41012.91,0,0,2024-07-27 21:35:41.271711,21:35:41.271711,Web,two_factor,5,9,cryptocurrency,2166.78,,74,179.75,30-50,7
a1dc2a49-f934-4de2-868b-75374064e560,Non-binary,20,White,99697,DE,login,0.0,13277.13,0,0,2024-08-20 10:43:06.088372,10:43:06.088372,Android,biometric,0,0,,,,18,404.58,18-30,8
963862af-4620-4925-a0fa-cd316a9aa81b,Female,39,Black,21679,KY,transfer_in,17144.65,5413.22,0,1,2024-09-16 23:10:04.361304,23:10:04.361304,Web,password,22,0,,,checking,17,166.19,30-50,9
3b9d6268-be88-4a87-8466-d6b5c28a62c4,Non-binary,25,White,00801,WV,online_purchase,3664.06,13476.44,0,1,2024-07-26 04:22:01.044084,04:22:01.044084,Web,biometric,23,8,,,,33,89.71,18-30,7
411f9733-b4c9-4afb-bab6-ccfc3004f30b,Non-binary,42,White,66716,WA,transfer_in,566.93,39313.75,0,0,2024-07-24 03:22:31.056193,03:22:31.056193,iOS,biometric,27,6,,,savings,38,230.82,30-50,7
eca0c429-66e0-4101-b17d-eb7c0c9893ab,Female,33,Black,00608,TX,p2p_transfer,4595.15,11748.16,0,0,2024-10-07 16:32:37.779151,16:32:37.779151,Android,two_factor,10,9,,,checking,68,151.64,30-50,10
3020c29f-27c8-45c2-8b56-9b5d63a12624,Female,44,Asian,79818,WY,transfer_in,9858.98,4216.89,0,0,2024-07-14 06:35:20.665921,06:35:20.665921,iOS,biometric,13,6,,,checking,50,96.96,30-50,7
647f39a2-1cbc-4051-943d-8847b078d274,Female,41,Hispanic,60742,CO,investment,8617.67,39489.61,0,1,2024-08-05 23:04:01.827118,23:04:01.827118,Android,two_factor,18,0,ETFs,3603.29,,80,478.55,30-50,8
b4db95d4-9e0f-45f8-8a14-dd030dfa49f8,Female,34,Black,63677,NJ,transfer_out,13985.34,18552.97,0,1,2024-07-31 16:30:28.762983,16:30:28.762983,Web,two_factor,14,6,,,checking,34,257.93,30-50,7
c5317d9b-15d1-403e-86c6-4ff18de8237d,Other,48,Black,40011,FL,transfer_out,6247.36,21943.85,0,0,2024-07-18 14:08:40.202444,14:08:40.202444,Web,biometric,24,9,,,checking,23,246.33,30-50,7
4f20b174-5097-4a65-998d-ee89ca65b85a,Female,31,Hispanic,83837,TX,atm_withdrawal,5031.3,29887.79,0,1,2024-09-26 19:48:59.065734,19:48:59.065734,Android,biometric,40,4,,,,49,175.15,30-50,9
6a551f75-3750-4138-a325-8b0cd362c6b4,Other,20,Hispanic,02921,UT,atm_withdrawal,2487.63,16651.81,0,1,2024-09-11 01:58:18.615152,01:58:18.615152,Web,password,44,3,,,,64,461.58,18-30,9
1ee46254-98ba-43f2-bcbb-8fc3101afc28,Other,60,Black,41344,FL,login,0.0,46680.23,0,1,2024-07-30 06:15:18.203956,06:15:18.203956,Android,two_factor,39,0,,,,92,402.86,50-65,7
e92a698b-4b06-45a0-94e5-aac70c5c238f,Male,46,Hispanic,93783,CA,online_purchase,3114.3,32377.62,0,0,2024-07-27 05:11:17.241021,05:11:17.241021,Web,two_factor,1,1,,,,17,268.33,30-50,7
7fe8840b-292b-4393-b92d-7ebe4229a5de,Other,21,Other,66471,IL,transfer_in,7866.99,45312.87,0,0,2024-08-29 17:02:43.729841,17:02:43.729841,Android,biometric,47,4,,,checking,23,263.95,18-30,8
057013ac-a21a-4156-9017-f5fdf7b3e3a2,Non-binary,52,Hispanic,03272,WI,online_purchase,16904.08,41750.31,1,1,2024-09-02 10:27:28.611267,10:27:28.611267,iOS,two_factor,18,8,,,,69,88.74,50-65,9
0d357263-f67e-4143-a511-063987518ef3,Male,53,Hispanic,00650,IN,logout,0.0,38878.64,0,1,2024-08-09 23:53:08.933295,23:53:08.933295,Android,password,37,10,,,,9,33.47,50-65,8
e114eb14-e53b-4714-a425-8a4e3b3938e0,Other,65,Black,34342,AS,atm_withdrawal,2169.21,23301.64,0,1,2024-09-25 01:45:51.827151,01:45:51.827151,Android,biometric,41,1,,,,7,251.76,50-65,9
7f7563a7-dacd-4f31-9745-c24a26e65d27,Other,18,White,76120,NY,login,0.0,15468.05,0,1,2024-07-14 11:45:48.145863,11:45:48.145863,Web,biometric,9,7,,,,25,69.25,,7
6a7f3ba4-e66d-45d0-9637-f95cdcd48eb6,Male,39,Black,96911,AS,transfer_in,2.03,48611.43,0,0,2024-08-16 17:14:07.271978,17:14:07.271978,Android,biometric,2,8,,,savings,88,14.28,30-50,8
b86eedce-0338-44c5-9aae-0f3e3e0c04b7,Female,25,Hispanic,02897,AS,atm_withdrawal,6147.06,26488.7,0,1,2024-08-25 07:50:15.067478,07:50:15.067478,Android,password,1,10,,,,59,289.65,18-30,8
37f6f517-ca92-4d73-9973-53b865b3a243,Other,54,Mixed,61644,TN,p2p_transfer,17556.9,47535.67,0,0,2024-08-15 23:48:37.284012,23:48:37.284012,Android,two_factor,50,1,,,checking,53,330.85,50-65,8
5400a81f-54ed-4ac7-9851-0d15e1d78f81,Non-binary,64,Hispanic,70069,AS,bill_payment,8433.22,16131.26,1,1,2024-08-25 07:25:57.352797,07:25:57.352797,iOS,two_factor,17,2,,,,3,85.97,50-65,8
c637f9a2-b613-4f2b-ab58-62adf4c67977,Male,35,Black,39099,KY,atm_withdrawal,15259.57,9500.98,0,1,2024-09-27 09:08:04.262312,09:08:04.262312,Android,biometric,18,7,,,,5,492.49,30-50,9
c9a1c72c-0255-4f42-93b0-6ffc55c073f0,Female,39,Black,59051,SC,logout,0.0,11054.93,0,0,2024-08-19 16:02:08.991677,16:02:08.991677,Web,biometric,38,10,,,,86,162.88,30-50,8
eef8f857-71b1-4a60-93c8-d81f065c3e54,Other,21,Hispanic,00739,OK,investment,10120.47,42008.19,0,0,2024-07-23 09:48:24.984011,09:48:24.984011,Android,two_factor,17,9,cryptocurrency,3744.39,,65,70.95,18-30,7
dd5c4d57-b908-4673-8f38-7edd337e8e40,Non-binary,52,Black,79530,NY,transfer_in,18692.5,44545.5,1,1,2024-09-09 00:21:54.714984,00:21:54.714984,Android,password,50,1,,,checking,24,121.44,50-65,9
582c947a-705c-4411-aa9f-fe55fb9a8a19,Male,65,Asian,05428,OH,p2p_transfer,5490.3,14142.46,0,1,2024-07-22 09:18:17.004424,09:18:17.004424,Android,biometric,11,9,,,checking,27,234.95,50-65,7
f7d170d5-9bcb-4483-8bbc-4c7e393ca1a2,Non-binary,42,Hispanic,32113,SC,bill_payment,5015.35,40811.48,0,0,2024-07-23 21:15:48.862305,21:15:48.862305,Web,password,50,4,,,,82,94.33,30-50,7
71441e37-b3fe-47d4-aae2-ba3414ddace3,Other,32,Other,42549,PA,transfer_in,17871.67,45064.5,0,1,2024-09-05 04:16:03.876772,04:16:03.876772,Web,two_factor,40,3,,,checking,57,84.19,30-50,9
cf3d6707-3ae6-436a-b761-d7b9b39505d2,Male,44,Hispanic,57671,AS,online_purchase,4812.6,22788.6,0,0,2024-09-19 10:54:25.284438,10:54:25.284438,Android,biometric,28,3,,,,12,211.1,30-50,9
bd19ebb7-cfd5-420f-bbe5-b6deee4cd983,Male,29,Mixed,99879,VA,transfer_in,7017.74,2702.57,0,1,2024-07-28 06:37:15.345924,06:37:15.345924,iOS,password,48,7,,,savings,49,121.73,18-30,7
401bb039-70be-45d3-b29c-18234be93653,Male,38,Asian,81187,WV,transfer_in,3805.32,26406.02,0,1,2024-09-15 02:52:48.176145,02:52:48.176145,Android,two_factor,43,0,,,checking,29,26.85,30-50,9
eaeaf442-7b02-4656-b3a7-622a60d1d483,Non-binary,27,Asian,78675,VA,atm_withdrawal,1513.93,10583.03,0,1,2024-09-08 04:10:42.931891,04:10:42.931891,Android,two_factor,9,7,,,,22,172.73,18-30,9
cf0d7058-0ab2-44a3-a03c-66ac164e2b30,Other,39,Other,05428,ID,investment,11207.2,20167.02,0,1,2024-08-26 12:31:46.095344,12:31:46.095344,iOS,two_factor,11,5,stocks,7440.58,,47,241.55,30-50,8
3d1dd1db-85cd-437b-b65c-458a1f4b9aae,Female,28,Other,84768,OH,atm_withdrawal,7063.05,28377.47,0,0,2024-08-16 07:59:08.468951,07:59:08.468951,iOS,biometric,47,3,,,,92,16.52,18-30,8
3f83b797-5a2d-4438-acda-6fff65b5b612,Male,19,Hispanic,57631,NV,atm_withdrawal,7038.79,24717.43,0,0,2024-08-04 17:45:42.497609,17:45:42.497609,Android,password,22,5,,,,18,231.81,18-30,8
bb4b2fa6-db03-4a8f-b49b-13203124de71,Other,36,Mixed,80498,FL,login,0.0,10237.99,0,0,2024-09-16 15:57:16.991539,15:57:16.991539,Web,two_factor,40,0,,,,39,401.01,30-50,9
3eaf5aad-fa13-4367-bf58-cc25083a25dc,Male,53,Other,66051,AS,investment,18960.42,49214.61,0,1,2024-09-21 10:48:00.489531,10:48:00.489531,Web,two_factor,46,3,mutual_funds,7122.81,,97,139.97,50-65,9
78a48e77-a264-4bd6-8b4e-6c0081be3a6c,Female,32,Black,67125,ID,atm_withdrawal,6685.93,44641.77,0,1,2024-08-04 16:55:00.598533,16:55:00.598533,Android,two_factor,50,7,,,,30,413.25,30-50,8
46ee5eb5-6066-41ea-9ea4-43d0fe7441d3,Female,55,Asian,00765,WA,atm_withdrawal,6383.35,31919.18,0,0,2024-08-12 12:31:39.943340,12:31:39.943340,iOS,password,25,3,,,,72,138.33,50-65,8
28b53322-f743-45a1-899a-a6e799540806,Other,39,Mixed,05369,ID,investment,5551.28,13832.39,0,0,2024-09-14 07:35:49.994377,07:35:49.994377,Android,password,32,1,cryptocurrency,7492.44,,22,429.52,30-50,9
d5c2a8b3-21a8-4f58-b320-564e8622873d,Other,36,Asian,70671,FL,logout,0.0,3458.59,0,0,2024-09-29 12:35:11.300756,12:35:11.300756,Android,password,11,2,,,,67,361.49,30-50,9
49fbb38f-f4f6-4758-9bf5-ce5c66e62a08,Non-binary,54,Other,05418,WA,atm_withdrawal,13765.61,33674.22,0,0,2024-09-12 16:30:54.925357,16:30:54.925357,iOS,biometric,4,2,,,,6,198.61,50-65,9
fecafc4d-09e6-4815-b37d-22f19ae76067,Male,55,Other,38408,WY,transfer_out,8276.82,32678.06,0,1,2024-09-20 03:58:58.860010,03:58:58.860010,Android,password,11,4,,,checking,66,251.31,50-65,9
512bff4d-f257-488b-98a6-d069172c3c69,Non-binary,43,Asian,67179,LA,login,0.0,7123.53,0,1,2024-09-20 01:06:03.152436,01:06:03.152436,Android,password,41,9,,,,43,295.37,30-50,9
9f8ea3ac-c433-4da3-ad28-8ef3977a176f,Male,49,Other,03781,UT,login,0.0,43542.5,0,1,2024-07-21 20:03:54.896282,20:03:54.896282,Android,two_factor,29,7,,,,80,114.03,30-50,7
fa5bea0a-5bd5-4dd8-9777-cd29a6a31c24,Female,50,Other,40640,KS,transfer_in,11574.28,41239.71,0,1,2024-10-01 06:06:29.918739,06:06:29.918739,iOS,biometric,18,5,,,checking,65,379.52,30-50,10
fbe40a03-81ff-4627-aaf4-3d64ba173500,Other,20,Hispanic,04613,VA,p2p_transfer,17983.59,36539.57,0,1,2024-10-01 20:26:22.634592,20:26:22.634592,Android,two_factor,26,10,,,checking,24,18.29,18-30,10
7384730b-d0f6-401d-81d4-eb41e863e330,Male,56,Asian,19905,SC,transfer_in,6312.28,44806.22,0,0,2024-08-15 17:01:17.121785,17:01:17.121785,Android,password,37,3,,,savings,7,467.68,50-65,8
728998a9-6275-4a8e-bc75-4337307795c8,Male,52,White,19766,MA,transfer_in,4249.87,8502.06,0,0,2024-09-27 12:01:58.217910,12:01:58.217910,Web,two_factor,34,1,,,savings,2,83.28,50-65,9
7d5fe972-d702-4ca8-bf3a-5406bbae015b,Male,18,Black,80730,NV,online_purchase,18181.48,22296.57,0,0,2024-08-23 06:03:40.380934,06:03:40.380934,iOS,biometric,32,4,,,,94,411.08,,8
dc825f1c-324c-4713-94b3-c4b4ba7e46c7,Male,26,White,98949,LA,atm_withdrawal,6629.21,45581.58,0,1,2024-09-22 02:59:27.524195,02:59:27.524195,Web,password,13,10,,,,23,255.64,18-30,9
ed4a8f21-105b-44d4-a6fe-3d01f15c972a,Male,22,White,19793,NV,transfer_out,1064.36,7972.37,0,0,2024-07-28 01:01:57.148918,01:01:57.148918,iOS,biometric,12,6,,,savings,22,237.78,18-30,7
1e8e302a-449c-48e3-bc6e-7475e61e1d1f,Non-binary,24,Black,04639,AZ,logout,0.0,30853.2,0,0,2024-08-27 08:11:58.424293,08:11:58.424293,Web,password,37,4,,,,66,193.01,18-30,8
c629b0f0-d4d2-4c83-9bf8-54c26f57ecc9,Non-binary,35,White,67813,ID,transfer_in,3678.94,9731.54,0,1,2024-10-05 03:32:43.544123,03:32:43.544123,Android,password,40,8,,,checking,15,73.42,30-50,10
b1f93755-e1de-4204-ad6d-96652356b540,Other,63,Black,96816,DC,investment,6555.96,28804.24,1,1,2024-08-09 10:11:38.379221,10:11:38.379221,iOS,password,40,4,mutual_funds,1781.86,,75,58.24,50-65,8
d93fde67-6b1a-4102-bfc0-518b336980c3,Male,23,Asian,60742,WY,transfer_in,15258.46,21720.33,0,1,2024-09-17 14:52:12.757121,14:52:12.757121,Web,two_factor,13,8,,,savings,86,477.75,18-30,9
47c8664f-2e0c-422e-899a-51cff3ac45bf,Non-binary,43,Hispanic,70358,TX,atm_withdrawal,1075.42,22777.42,0,0,2024-09-10 00:13:09.110816,00:13:09.110816,iOS,password,14,2,,,,9,74.38,30-50,9
8aec3612-2c85-4aed-ac8f-a7e77febe109,Male,50,Mixed,06288,NV,login,0.0,18734.87,0,1,2024-09-21 22:29:00.943955,22:29:00.943955,iOS,two_factor,46,1,,,,54,120.9,30-50,9
48c35617-9549-4dff-ba97-674c8fab2978,Female,36,Other,03272,UT,investment,806.19,17260.97,0,0,2024-08-27 22:56:19.387037,22:56:19.387037,iOS,password,27,5,mutual_funds,6016.75,,4,369.43,30-50,8
e27be51f-8769-4cb2-844d-c8884f326d05,Non-binary,45,Black,96966,LA,atm_withdrawal,12162.46,34983.13,0,0,2024-09-11 06:19:15.833040,06:19:15.833040,Android,password,40,1,,,,3,163.44,30-50,9
a148b4a2-4f62-4e7d-b4b2-01a688839e61,Female,40,Asian,06052,UT,investment,7387.05,7040.11,0,1,2024-08-27 12:21:02.829569,12:21:02.829569,iOS,biometric,2,8,ETFs,3459.49,,24,196.43,30-50,8
8caec9d4-5f9b-49ad-8cbd-1c41ead8f8d5,Female,24,Mixed,37653,TN,logout,0.0,33641.72,0,0,2024-08-29 11:01:26.616769,11:01:26.616769,iOS,password,13,8,,,,48,345.6,18-30,8
f374b116-2f24-4299-b6f1-2f0dac2cf5e7,Male,44,Asian,00804,WA,bill_payment,15846.98,12521.88,0,1,2024-08-17 03:58:54.271318,03:58:54.271318,Android,password,26,2,,,,41,356.53,30-50,8
fc5b61e4-9ff4-4c4c-a333-b964f4e333b7,Female,34,Black,03663,IL,investment,15488.84,2297.81,0,1,2024-09-15 18:45:57.201463,18:45:57.201463,iOS,biometric,12,1,cryptocurrency,532.05,,2,163.64,30-50,9
30985b07-5493-413f-bdd5-47cc14a61474,Female,20,Black,38507,AS,bill_payment,1226.12,33707.94,0,1,2024-07-31 08:37:11.677011,08:37:11.677011,Web,biometric,19,8,,,,26,16.82,18-30,7
2d2a602a-310f-4410-9618-9db4c403b998,Non-binary,26,Mixed,22885,OK,transfer_out,61.21,40229.08,0,1,2024-07-26 02:43:05.819031,02:43:05.819031,iOS,password,48,4,,,checking,58,455.35,18-30,7
783c62e7-e133-460d-87ef-1af31160c4e7,Non-binary,35,Asian,57275,FL,logout,0.0,43658.0,0,0,2024-07-10 18:55:52.128119,18:55:52.128119,Android,two_factor,47,0,,,,13,76.71,30-50,7
d94ad250-047d-4d34-a676-24093dbbdede,Female,33,Black,37602,CA,transfer_in,6427.91,263.81,1,1,2024-08-22 07:40:23.882428,07:40:23.882428,Web,biometric,45,2,,,checking,28,412.72,30-50,8
686aab23-a74d-4edf-ad8f-c281d14d9d37,Male,40,Asian,04197,LA,login,0.0,41653.85,0,1,2024-08-21 10:36:33.048399,10:36:33.048399,Android,password,30,1,,,,19,203.89,30-50,8
f173dc8b-82f1-422e-87e5-8002f3a1d237,Male,26,Other,75972,AZ,online_purchase,17733.09,501.84,0,0,2024-08-24 12:42:36.268953,12:42:36.268953,Android,password,33,10,,,,21,28.2,18-30,8
99252194-ecf6-4b0a-9ddb-75607d221878,Female,50,Asian,41855,ID,logout,0.0,19198.85,0,1,2024-07-23 01:24:08.785700,01:24:08.785700,Web,biometric,49,8,,,,71,252.96,30-50,7
c63d94fc-129f-4016-a482-27092f6e19e8,Female,50,Other,02809,WA,bill_payment,7596.71,26115.14,0,0,2024-08-07 11:25:48.596362,11:25:48.596362,iOS,biometric,29,8,,,,100,301.02,30-50,8
50ddc211-c25e-40b7-a07b-741fbf0211b1,Male,26,Asian,57694,LA,atm_withdrawal,3399.87,48063.44,0,0,2024-07-25 00:20:44.236981,00:20:44.236981,Web,biometric,14,5,,,,59,385.86,18-30,7
e92a698b-4b06-45a0-94e5-aac70c5c238f,Male,46,Hispanic,93783,CA,investment,13192.24,11382.63,0,0,2024-08-30 03:05:52.297738,03:05:52.297738,iOS,password,27,2,ETFs,3530.03,,96,126.72,30-50,8
4f542f8c-bae3-48b3-badb-85c38ea97ece,Non-binary,64,Mixed,19902,KS,online_purchase,17676.8,31802.25,0,0,2024-08-15 19:16:48.550740,19:16:48.550740,Web,password,17,4,,,,18,166.05,50-65,8
23644e46-f01b-4be9-8585-f59049f9f747,Non-binary,38,White,04773,WY,atm_withdrawal,5320.54,42545.47,0,0,2024-09-28 18:46:03.279895,18:46:03.279895,Android,two_factor,48,5,,,,96,73.62,30-50,9
377f8927-018a-4a04-aa6b-65e1bc208330,Male,36,White,23508,NV,transfer_in,2294.44,33089.58,0,1,2024-10-02 18:23:32.141113,18:23:32.141113,Web,two_factor,42,9,,,checking,93,418.51,30-50,10
6df77aac-eb39-4f12-9364-3aef238fe60c,Female,36,Asian,02826,AS,transfer_in,6933.31,34764.74,0,1,2024-07-19 13:49:59.554757,13:49:59.554757,Web,two_factor,44,5,,,savings,55,181.93,30-50,7
7e5ce343-1b08-481f-bdf9-d9816f9e6d7e,Other,18,Other,99894,LA,p2p_transfer,6279.11,47597.15,0,0,2024-09-16 20:00:49.307292,20:00:49.307292,iOS,biometric,30,3,,,checking,11,348.59,,9
b7c43b81-a336-4d14-83a9-9c75e8a46283,Male,21,White,99820,TX,online_purchase,7575.64,10085.29,0,0,2024-09-19 03:43:04.203653,03:43:04.203653,Android,biometric,3,8,,,,8,86.89,18-30,9
9fae45ae-5b11-4077-86e6-a4eec93bf8ec,Female,20,White,98815,AS,investment,2882.97,35360.16,0,0,2024-10-08 13:07:02.441769,13:07:02.441769,Android,password,11,0,ETFs,9551.09,,0,0.0,18-30,10
97dbbf40-1805-43df-bad8-73f283b7fcb5,Non-binary,28,Other,60389,AS,login,0.0,6899.29,0,1,2024-07-16 06:23:23.610895,06:23:23.610895,iOS,biometric,12,10,,,,61,209.01,18-30,7
66f5faa8-058c-4e16-939b-3d0b6541e1a2,Male,52,White,80064,MN,login,0.0,46361.51,0,1,2024-10-05 01:49:02.078185,01:49:02.078185,Android,biometric,47,3,,,,2,324.77,50-65,10
5bcf6f3e-91b8-4d33-ad09-7428e92ecbe5,Male,46,White,84140,WA,logout,0.0,44439.51,0,1,2024-08-07 04:21:16.727443,04:21:16.727443,Android,two_factor,33,7,,,,72,57.14,30-50,8
7b18dab6-eb80-4b5f-9747-cee0c06883de,Female,39,Hispanic,99782,TX,online_purchase,9110.92,30264.9,0,1,2024-07-19 19:07:10.344137,19:07:10.344137,iOS,two_factor,33,2,,,,86,491.52,30-50,7
4e4a0c82-98b8-4f84-bb24-f65acf37a19d,Male,45,Asian,79878,NY,logout,0.0,42870.23,0,1,2024-08-01 03:32:40.719875,03:32:40.719875,Web,biometric,29,0,,,,9,393.86,30-50,8
1acca196-f3f5-4c5f-88d8-986d6c191289,Other,27,Other,99848,TX,atm_withdrawal,12893.38,23740.85,0,1,2024-07-17 20:56:21.981911,20:56:21.981911,Web,password,44,2,,,,35,23.01,18-30,7
65dfa05c-4c75-427b-9e3c-d600231e5cd4,Non-binary,60,Hispanic,38499,ND,p2p_transfer,11747.74,17747.65,1,0,2024-07-24 15:57:01.034911,15:57:01.034911,Web,password,23,2,,,savings,14,377.79,50-65,7
30b7741f-f228-4206-8d2a-2a775ce0d0f3,Male,43,Hispanic,40148,CA,online_purchase,18420.08,27540.6,0,0,2024-09-10 18:47:56.895858,18:47:56.895858,iOS,biometric,28,0,,,,91,224.22,30-50,9
55b06520-e26d-4d98-82a5-798a1dff2df5,Female,64,Other,70671,CO,investment,19331.76,3017.54,0,0,2024-09-28 04:07:57.811150,04:07:57.811150,Android,biometric,48,10,ETFs,1591.57,,58,409.76,50-65,9
6795853a-4fbf-45bb-be52-fee0a98f8685,Other,33,Mixed,83716,WI,atm_withdrawal,11994.61,42160.65,0,1,2024-09-25 07:11:17.358115,07:11:17.358115,iOS,password,38,2,,,,50,311.48,30-50,9
dcd02dfa-fb8b-48d9-bc7f-9787031b302d,Non-binary,59,Other,96961,TX,online_purchase,1148.76,34055.98,0,1,2024-08-18 01:59:41.466582,01:59:41.466582,Web,two_factor,29,8,,,,5,150.26,50-65,8
06ffcd80-dd67-4a61-9a86-ed9fda12dd63,Other,41,Hispanic,19853,WV,atm_withdrawal,14448.79,42177.3,0,1,2024-09-19 21:31:31.582509,21:31:31.582509,Web,biometric,5,5,,,,83,468.87,30-50,9
d9db4063-6baf-4e90-a94f-d29d7538f2e1,Male,45,Hispanic,03352,AS,p2p_transfer,17776.93,9442.63,0,1,2024-09-17 01:02:24.114231,01:02:24.114231,Web,biometric,36,5,,,checking,37,160.88,30-50,9
7b5f3ed0-c59f-42f7-ad47-219cd8c719e8,Non-binary,54,Black,21704,KY,login,0.0,44270.65,0,0,2024-09-09 16:08:20.489659,16:08:20.489659,iOS,biometric,16,5,,,,74,490.27,50-65,9
ee5d3494-a950-44e9-8d25-7e3664825905,Other,19,Black,37220,AZ,online_purchase,8708.42,46967.49,0,0,2024-09-11 08:02:55.062646,08:02:55.062646,iOS,two_factor,47,2,,,,24,443.06,18-30,9
ea27bd71-3748-4a93-acf5-df12323ed23f,Non-binary,23,Black,57532,AS,logout,0.0,48328.38,0,1,2024-07-23 20:09:11.877346,20:09:11.877346,Android,biometric,5,3,,,,17,93.82,18-30,7
5cdf254a-11fd-443e-887e-522824c2356c,Female,31,Black,84355,WY,logout,0.0,7193.66,0,1,2024-07-26 15:37:59.012884,15:37:59.012884,iOS,two_factor,28,2,,,,84,18.06,30-50,7
ef639ed4-d100-4f52-882d-1daffc0f312a,Non-binary,46,White,00636,WY,logout,0.0,34939.07,0,0,2024-08-09 04:57:02.812018,04:57:02.812018,iOS,biometric,9,8,,,,4,332.61,30-50,8
97546ec2-a521-4d62-8d47-76d68d8fe1ba,Male,52,Mixed,70069,OH,bill_payment,13527.08,6097.15,0,0,2024-08-06 10:41:15.299298,10:41:15.299298,Android,biometric,11,9,,,,89,55.47,50-65,8
4f542f8c-bae3-48b3-badb-85c38ea97ece,Non-binary,64,Mixed,19902,KS,transfer_in,16469.72,28642.96,0,0,2024-07-27 20:22:04.406904,20:22:04.406904,Android,two_factor,18,8,,,checking,30,362.81,50-65,7
e92a698b-4b06-45a0-94e5-aac70c5c238f,Male,46,Hispanic,93783,CA,transfer_out,8642.86,47352.84,0,0,2024-09-24 22:23:40.560371,22:23:40.560371,iOS,biometric,36,10,,,checking,57,318.18,30-50,9
3972636d-a22c-4a89-a411-9eabd6f63cf0,Non-binary,35,White,30387,UT,p2p_transfer,11095.85,33694.73,0,0,2024-08-14 10:11:55.453470,10:11:55.453470,iOS,password,5,3,,,checking,75,417.44,30-50,8
19698988-7d77-4594-9136-dabaf2344886,Male,29,White,78292,TX,p2p_transfer,16300.15,24108.33,0,0,2024-08-25 10:53:41.619188,10:53:41.619188,Web,two_factor,44,2,,,checking,99,54.39,18-30,8
0beb3c59-2c22-4999-9d09-87afb83c167e,Other,18,Black,96925,AZ,online_purchase,12544.44,8875.36,0,0,2024-09-01 18:42:32.703412,18:42:32.703412,Android,two_factor,16,2,,,,55,266.39,,9
17e64ac3-6e19-466f-ba6a-9a71dfae1216,Female,60,White,88982,WA,bill_payment,7933.93,2938.6,0,1,2024-08-01 15:38:53.867483,15:38:53.867483,iOS,two_factor,43,10,,,,64,327.72,50-65,8
2720a9b9-9006-467a-99aa-3857955b8e13,Female,38,White,99703,LA,transfer_out,15167.69,40845.86,0,0,2024-10-05 13:37:54.344323,13:37:54.344323,Web,biometric,46,4,,,savings,7,258.82,30-50,10
a9adca4d-f284-422c-950e-77de39827b2f,Male,35,Hispanic,34342,WV,p2p_transfer,4068.67,32852.89,0,1,2024-09-26 20:11:29.692935,20:11:29.692935,Web,biometric,42,7,,,savings,16,170.29,30-50,9
25896df2-2cfc-439c-bd3d-36fd0812e7ea,Other,62,Hispanic,22124,CO,transfer_out,6989.42,40261.19,1,1,2024-08-02 07:00:28.446589,07:00:28.446589,Android,biometric,27,8,,,savings,77,328.75,50-65,8
057013ac-a21a-4156-9017-f5fdf7b3e3a2,Non-binary,52,Hispanic,03272,WI,bill_payment,12890.35,41957.61,1,1,2024-09-19 04:59:20.089746,04:59:20.089746,iOS,two_factor,18,5,,,,12,114.69,50-65,9
cdcfe586-b095-4fb4-b45d-20e8309f224c,Male,57,Other,96921,CO,logout,0.0,49156.5,0,1,2024-08-01 14:14:30.843422,14:14:30.843422,Android,two_factor,21,4,,,,78,478.29,50-65,8
03609366-2259-4ec7-8f21-deb7b32a0091,Non-binary,30,Other,63194,AZ,login,0.0,41546.49,0,0,2024-09-29 18:13:35.269964,18:13:35.269964,iOS,biometric,43,8,,,,41,307.72,18-30,9
9e13005f-a34f-44f8-a0e7-80834b2ab2e3,Male,27,Other,00802,KS,atm_withdrawal,10294.13,18429.63,0,0,2024-07-18 21:42:29.185223,21:42:29.185223,Android,biometric,19,9,,,,80,145.45,18-30,7
7f7563a7-dacd-4f31-9745-c24a26e65d27,Other,18,White,76120,NY,bill_payment,3886.18,29457.64,0,0,2024-08-26 16:36:32.093871,16:36:32.093871,Android,two_factor,13,2,,,,82,329.65,,8
fa5bea0a-5bd5-4dd8-9777-cd29a6a31c24,Female,50,Other,40640,KS,atm_withdrawal,6178.18,16199.71,0,0,2024-09-25 02:12:02.587735,02:12:02.587735,Web,biometric,39,0,,,,38,324.34,30-50,9
bfb30ba7-9983-49c2-8a1c-555cfeb2c2d4,Other,58,White,79554,KS,online_purchase,12939.06,5313.9,0,1,2024-10-06 19:46:22.117706,19:46:22.117706,Web,two_factor,15,2,,,,3,213.83,50-65,10
ff82488e-e1c7-4db4-b972-d17f2e2d68f2,Female,43,Hispanic,02833,WA,logout,0.0,42073.7,0,0,2024-09-07 16:20:04.290755,16:20:04.290755,Web,biometric,6,2,,,,38,331.98,30-50,9
e068b939-abd5-46d3-881f-a0afd78b4388,Other,55,Mixed,83379,IL,bill_payment,4399.78,48263.57,0,1,2024-09-18 07:40:59.609001,07:40:59.609001,iOS,password,50,9,,,,24,382.28,50-65,9
d9cf6110-ee69-462d-84b1-47bc2057c65d,Male,33,Hispanic,23136,NJ,p2p_transfer,9508.99,49995.45,0,0,2024-09-06 04:30:43.702648,04:30:43.702648,iOS,two_factor,50,3,,,checking,13,390.11,30-50,9
bee43be5-1f2a-4f59-9616-05845601b9e0,Female,56,White,00790,UT,atm_withdrawal,10952.76,39382.27,0,1,2024-09-26 01:27:33.687578,01:27:33.687578,Web,two_factor,6,9,,,,69,238.85,50-65,9
24c5b8b1-aed6-47f5-80b1-d1d46115ea01,Non-binary,54,Other,80030,VA,investment,15647.9,24822.01,0,0,2024-09-20 08:04:23.600152,08:04:23.600152,Web,password,48,6,cryptocurrency,2901.29,,40,71.22,50-65,9
e2f03f1e-8d0f-4724-89e2-fc1f8afbdc32,Male,46,Other,83667,WV,investment,10081.14,43679.67,0,1,2024-10-08 07:38:03.839839,07:38:03.839839,Web,biometric,22,6,ETFs,8555.73,,43,106.0,30-50,10
684191f8-7b2b-4664-ad4e-5953558f4270,Other,44,Black,68014,UT,online_purchase,16991.24,20830.75,0,0,2024-09-09 06:54:04.756994,06:54:04.756994,Android,two_factor,45,1,,,,44,39.55,30-50,9
83c46693-2694-4a71-89eb-913ce42d7082,Female,32,Mixed,56538,MP,login,0.0,13201.77,0,0,2024-09-10 06:36:10.245239,06:36:10.245239,iOS,two_factor,21,0,,,,55,51.87,30-50,9
d0bbc74c-5e13-4839-a2f8-5166d5466e8d,Other,51,White,99848,SC,p2p_transfer,13174.22,41433.66,0,1,2024-08-13 19:14:48.824011,19:14:48.824011,Android,two_factor,29,3,,,checking,92,360.7,50-65,8
d9db4063-6baf-4e90-a94f-d29d7538f2e1,Male,45,Hispanic,03352,AS,atm_withdrawal,4836.2,21707.99,0,0,2024-07-29 21:01:49.450886,21:01:49.450886,Android,two_factor,45,2,,,,54,445.77,30-50,7
38e20365-9967-427e-94c5-43768f55f295,Other,34,Black,00608,NY,logout,0.0,42217.48,0,1,2024-08-29 15:06:52.444272,15:06:52.444272,iOS,password,10,2,,,,72,82.11,30-50,8
b02394bd-910e-456a-b4a5-6604d967907f,Non-binary,31,White,90828,HI,online_purchase,19084.8,49148.17,0,1,2024-09-02 07:28:00.490711,07:28:00.490711,iOS,biometric,14,9,,,,22,165.13,30-50,9
b4d6a9a0-5359-4130-9e4a-7ab3b3fb208a,Male,41,Mixed,21001,IL,bill_payment,3496.38,41821.79,0,0,2024-09-28 11:46:44.351279,11:46:44.351279,Web,biometric,50,0,,,,17,316.66,30-50,9
8d17c056-503c-43f6-a0fe-75bd271d4933,Other,21,White,57419,MN,online_purchase,11232.58,46947.38,0,1,2024-08-07 22:43:06.687092,22:43:06.687092,Android,biometric,38,6,,,,89,161.7,18-30,8
a17ac97f-2cad-4f24-98b4-282473d64eb9,Male,20,Asian,67813,HI,atm_withdrawal,14893.96,5812.12,0,1,2024-09-29 09:39:20.409078,09:39:20.409078,Android,biometric,20,5,,,,62,274.25,18-30,9
b4db95d4-9e0f-45f8-8a14-dd030dfa49f8,Female,34,Black,63677,NJ,atm_withdrawal,13694.89,12653.32,0,1,2024-07-17 23:22:53.690468,23:22:53.690468,Android,biometric,20,7,,,,3,49.57,30-50,7
c41e62e1-f613-4032-8692-4a4fd1dfdeee,Female,30,Hispanic,80827,WA,investment,15807.98,21409.24,0,1,2024-10-06 07:52:15.467443,07:52:15.467443,Android,password,48,4,cryptocurrency,1469.43,,84,272.59,18-30,10
d6670b32-ac80-4027-8cd4-5b7381d4a6c9,Other,46,White,80064,AS,transfer_out,4173.25,1252.81,0,1,2024-07-17 19:49:51.164808,19:49:51.164808,Web,biometric,37,6,,,savings,69,51.07,30-50,7
ce61f461-836e-418c-95ac-d88ccd25bfe0,Other,42,White,75864,MP,online_purchase,18214.05,46290.21,0,1,2024-09-30 13:07:41.263139,13:07:41.263139,Web,biometric,9,10,,,,10,93.67,30-50,9
217f35ef-2115-443a-819c-5a456b61f471,Other,56,Asian,22665,IN,atm_withdrawal,92.42,14004.49,0,1,2024-07-29 07:41:16.062515,07:41:16.062515,Web,password,4,9,,,,19,300.83,50-65,7
e6207e4a-bcfa-4ecd-8944-245298246ace,Male,54,Asian,00801,KY,transfer_out,2795.83,22629.1,0,1,2024-09-14 16:43:20.362010,16:43:20.362010,Web,password,20,1,,,savings,64,167.46,50-65,9
abf26cb1-0a32-4371-8c81-c4a3c8ee74ee,Male,51,Asian,57318,IL,logout,0.0,19895.32,0,1,2024-10-06 02:33:25.544868,02:33:25.544868,iOS,password,7,0,,,,73,337.78,50-65,10
fe9ebc43-678a-45a1-9468-d29aef026ac8,Female,42,White,04627,NY,investment,10421.81,28250.92,0,0,2024-08-02 04:08:37.371011,04:08:37.371011,Web,two_factor,11,8,ETFs,464.28,,55,47.33,30-50,8
85afdc66-88f5-4183-a7bc-2ff7415a7591,Male,63,Asian,05424,PA,p2p_transfer,7983.57,45278.45,0,1,2024-09-22 01:12:44.896443,01:12:44.896443,Android,two_factor,40,2,,,savings,98,242.08,50-65,9
7f84bc9e-ca03-4ea2-b049-82302db94d51,Male,42,Other,33297,GA,transfer_in,11060.26,7969.74,0,0,2024-10-03 19:17:42.914240,19:17:42.914240,iOS,biometric,22,0,,,checking,1,91.49,30-50,10
d763e14e-0960-42de-821b-de0b46078835,Non-binary,37,White,57275,FL,atm_withdrawal,17090.66,643.23,0,0,2024-10-05 16:07:41.581415,16:07:41.581415,Android,two_factor,21,6,,,,86,169.38,30-50,10
54ab67bd-62be-416b-826c-0ab093d1cfa2,Male,57,Hispanic,79469,PR,transfer_in,996.21,5918.3,0,1,2024-07-11 11:01:29.818624,11:01:29.818624,iOS,biometric,46,8,,,checking,37,203.63,50-65,7
3c804ed9-f755-4806-a17e-2ded1128fc9e,Male,60,Hispanic,00703,PR,transfer_in,12674.45,7525.19,1,0,2024-08-18 09:15:52.873770,09:15:52.873770,iOS,password,9,5,,,checking,41,345.73,50-65,8
28b64079-f849-4477-bc71-9842be77b6c6,Non-binary,29,White,02836,WA,p2p_transfer,3583.75,19901.99,0,0,2024-10-07 23:05:19.267556,23:05:19.267556,Web,two_factor,40,10,,,checking,40,395.45,18-30,10
7b2d5362-86e4-487b-8390-ed1344ae27f2,Non-binary,18,Other,38783,IN,login,0.0,44150.57,0,1,2024-08-11 13:14:46.050258,13:14:46.050258,iOS,two_factor,36,0,,,,44,51.44,,8
8caec9d4-5f9b-49ad-8cbd-1c41ead8f8d5,Female,24,Mixed,37653,TN,login,0.0,39117.88,0,1,2024-09-04 20:55:22.674436,20:55:22.674436,Android,password,13,2,,,,67,270.57,18-30,9
f8a8a085-083c-448f-992e-10224184af69,Female,31,White,38027,MN,online_purchase,2416.79,23354.54,0,1,2024-09-11 03:14:56.149096,03:14:56.149096,iOS,password,17,3,,,,29,11.05,30-50,9
7f84bc9e-ca03-4ea2-b049-82302db94d51,Male,42,Other,33297,GA,p2p_transfer,2879.34,36345.68,0,1,2024-09-09 16:36:32.747165,16:36:32.747165,Android,biometric,49,6,,,checking,96,372.6,30-50,9
0beb3c59-2c22-4999-9d09-87afb83c167e,Other,18,Black,96925,AZ,investment,15537.44,25043.06,0,0,2024-09-07 11:37:10.564791,11:37:10.564791,Android,password,37,2,ETFs,8146.8,,43,353.37,,9
55ea8850-f082-4942-a21b-109d45913a88,Male,42,Asian,03159,TX,login,0.0,34047.1,0,0,2024-09-20 17:04:32.151659,17:04:32.151659,iOS,two_factor,3,6,,,,90,482.05,30-50,9
411f9733-b4c9-4afb-bab6-ccfc3004f30b,Non-binary,42,White,66716,WA,transfer_out,10853.32,3623.34,0,0,2024-09-18 07:50:42.106643,07:50:42.106643,Android,password,19,7,,,checking,23,174.07,30-50,9
e058c6ba-14da-4088-8a7d-e7da0c73a0ac,Other,20,Asian,67484,NV,online_purchase,4163.37,12436.13,0,1,2024-08-03 21:24:35.241591,21:24:35.241591,Android,biometric,49,10,,,,90,371.2,18-30,8
6a782385-6811-4937-84c0-959e32cc6708,Female,18,Hispanic,02860,IL,login,0.0,6919.27,0,0,2024-08-13 14:55:09.617199,14:55:09.617199,iOS,password,10,4,,,,88,144.04,,8
8fcc40a7-e4bf-43f9-b02f-cdab3a1bee61,Female,59,Black,96794,WV,online_purchase,9699.98,6599.44,1,0,2024-09-09 13:02:52.505989,13:02:52.505989,iOS,two_factor,12,6,,,,3,271.28,50-65,9
1562cc4e-45ce-41d3-9026-20c4db6293f7,Other,64,Black,22034,OH,online_purchase,19292.6,48825.27,1,0,2024-07-28 17:56:00.747391,17:56:00.747391,Web,two_factor,24,0,,,,4,495.54,50-65,7
4b4a32e4-c957-46e3-a8f3-fecf827bdd6f,Non-binary,61,Mixed,57013,MN,investment,11606.54,27257.44,0,0,2024-09-13 02:10:37.086804,02:10:37.086804,Android,biometric,29,1,mutual_funds,7360.04,,99,303.13,50-65,9
810b802c-1e1d-45cc-af67-7af57c341073,Male,45,Mixed,83379,DC,transfer_in,18740.77,39462.34,0,0,2024-07-29 23:02:06.203866,23:02:06.203866,Web,password,27,7,,,checking,81,139.62,30-50,7
a148b4a2-4f62-4e7d-b4b2-01a688839e61,Female,40,Asian,06052,UT,transfer_in,716.86,32009.79,0,1,2024-09-02 01:25:08.209127,01:25:08.209127,Android,password,36,2,,,savings,31,75.65,30-50,9
d6701bdd-ca20-4645-ab74-6f28e0795bb7,Male,44,Mixed,96741,KY,investment,3493.65,15001.07,0,1,2024-07-24 00:01:15.412890,00:01:15.412890,Web,two_factor,17,1,cryptocurrency,5766.01,,12,82.36,30-50,7
b6a8871d-e502-476b-a4a0-e68900f810a7,Male,54,Other,40046,TX,login,0.0,12155.04,0,0,2024-09-10 10:27:21.653510,10:27:21.653510,iOS,two_factor,5,1,,,,55,17.97,50-65,9
647f39a2-1cbc-4051-943d-8847b078d274,Female,41,Hispanic,60742,CO,transfer_in,9696.7,42138.92,0,0,2024-08-11 15:56:27.190360,15:56:27.190360,Android,two_factor,0,3,,,checking,3,81.52,30-50,8
7784001c-e5df-461f-88b1-a84bc4a1d295,Other,50,Hispanic,39250,NY,p2p_transfer,2037.64,24586.79,0,0,2024-08-15 05:39:56.641739,05:39:56.641739,iOS,biometric,31,2,,,savings,37,171.84,30-50,8
508ca392-97cb-40d6-b637-9be88d7bb99d,Other,58,Asian,24184,AS,login,0.0,41688.95,0,1,2024-07-10 15:53:39.163939,15:53:39.163939,Android,password,49,8,,,,49,106.09,50-65,7
ab9ddc02-692e-4cc0-9578-464a5ab5f182,Male,38,White,83837,AS,transfer_out,4519.41,29382.04,0,1,2024-08-09 17:56:08.895963,17:56:08.895963,iOS,two_factor,42,8,,,checking,13,68.16,30-50,8
99252194-ecf6-4b0a-9ddb-75607d221878,Female,50,Asian,41855,ID,online_purchase,2058.97,22243.21,0,0,2024-08-17 15:53:36.426330,15:53:36.426330,Web,two_factor,29,8,,,,36,111.77,30-50,8
05c98ffe-dbe6-4df5-b9fc-c07f078a6c8c,Female,29,Black,55445,IL,p2p_transfer,9942.67,11899.9,0,0,2024-08-18 22:25:34.725775,22:25:34.725775,Web,password,44,4,,,savings,72,322.9,18-30,8
a4321031-2179-4658-855a-d5421a29a7bc,Non-binary,51,Hispanic,04773,NV,investment,2779.56,2004.88,0,0,2024-09-07 09:27:28.492083,09:27:28.492083,iOS,biometric,47,6,stocks,6093.3,,72,193.74,50-65,9
8e35d632-3b89-4d93-af0d-7f377003e127,Non-binary,29,Asian,84768,AS,transfer_in,19354.97,11710.08,0,0,2024-08-24 14:22:55.943675,14:22:55.943675,iOS,biometric,24,1,,,savings,98,81.53,18-30,8
98237bfd-2e4a-4e49-be4b-63311b83777d,Other,64,Other,03486,IN,p2p_transfer,19607.85,15752.79,0,0,2024-10-08 00:02:11.115399,00:02:11.115399,iOS,two_factor,31,9,,,savings,34,492.49,50-65,10
ee686dbe-b9cc-41c1-8b15-988992ff3a6c,Female,19,Asian,37351,NV,transfer_in,11545.44,19924.14,0,0,2024-08-12 10:21:10.506986,10:21:10.506986,iOS,two_factor,0,9,,,savings,76,461.6,18-30,8
c66109ea-83ce-4d10-b741-ccb2a9f19858,Other,38,Hispanic,76799,KS,atm_withdrawal,15932.71,45567.42,0,0,2024-08-12 02:15:38.094796,02:15:38.094796,iOS,biometric,45,6,,,,32,416.75,30-50,8
d19c562c-60f7-40fa-a16c-5f9703a5a672,Other,64,Asian,67484,NV,online_purchase,16772.34,17289.9,0,1,2024-07-17 15:27:00.382730,15:27:00.382730,Android,biometric,45,10,,,,33,52.56,50-65,7
1f74261f-ed5b-43a5-a2ad-47a5360ca60a,Female,46,Hispanic,02840,TN,p2p_transfer,12177.9,8412.57,0,1,2024-09-29 21:24:56.931884,21:24:56.931884,iOS,two_factor,38,3,,,savings,11,232.29,30-50,9
b33679af-15bd-4b8d-a440-2a1e380718a0,Female,51,White,04627,NE,bill_payment,17150.19,36221.75,0,0,2024-07-13 21:15:58.528838,21:15:58.528838,Web,password,3,0,,,,48,448.02,50-65,7
4c8b7fc4-a12d-4692-a407-d683a22ee49c,Female,24,Mixed,80730,IN,p2p_transfer,17805.05,14492.82,0,1,2024-07-17 09:13:01.042109,09:13:01.042109,iOS,password,50,8,,,savings,51,40.19,18-30,7
ab3b2d92-cb92-4fed-91ab-a4e1eb96510c,Other,62,Other,40461,WV,p2p_transfer,3507.31,7216.31,0,1,2024-08-14 17:16:10.253210,17:16:10.253210,Web,two_factor,12,3,,,checking,29,398.06,50-65,8
741856c3-8750-4725-a938-ad6fc7d767e6,Non-binary,45,Black,67307,SC,logout,0.0,12290.8,0,0,2024-07-12 09:27:10.574040,09:27:10.574040,iOS,biometric,8,9,,,,36,354.77,30-50,7
f23a5bf6-9051-4368-867d-7ac7eefea00f,Non-binary,40,Other,96929,UT,transfer_in,12772.74,37055.34,0,1,2024-09-14 06:30:14.616693,06:30:14.616693,iOS,biometric,49,1,,,checking,4,307.41,30-50,9
9503499c-dbfd-423f-840c-46330d938b84,Other,29,Mixed,00787,IN,online_purchase,5253.02,42459.14,0,0,2024-09-16 09:56:56.805564,09:56:56.805564,Web,biometric,10,3,,,,0,0.0,18-30,9
94d7d546-c1c1-46d4-80b2-b9d4ab7b6e61,Other,20,White,56192,CO,transfer_out,18611.63,45704.49,0,1,2024-09-21 07:52:45.508578,07:52:45.508578,Android,two_factor,2,2,,,savings,94,88.96,18-30,9
ada2fff2-8b52-4678-8c05-a017143a7f3c,Female,36,White,02860,OK,transfer_in,4277.14,35671.25,0,1,2024-10-02 12:42:24.635465,12:42:24.635465,Android,biometric,23,4,,,savings,43,293.84,30-50,10
0d5e1284-b6d7-4656-94f2-14f87bc7cdb0,Non-binary,64,Asian,99195,CO,p2p_transfer,7383.33,179.67,1,1,2024-07-20 03:52:19.390457,03:52:19.390457,Web,biometric,21,10,,,checking,94,139.28,50-65,7
f036e6f3-6f36-4a62-b882-925c0fbbce09,Non-binary,39,White,90163,ID,login,0.0,2616.51,0,0,2024-09-22 17:51:37.574270,17:51:37.574270,Android,biometric,47,2,,,,6,232.42,30-50,9
80c8ebfe-4db8-4e43-a527-2818374da575,Female,43,White,89413,ND,bill_payment,9271.98,49470.31,0,1,2024-09-27 19:11:17.263944,19:11:17.263944,Web,two_factor,3,10,,,,58,110.48,30-50,9
f619840d-a572-4853-bb7f-d4598ca8c46b,Male,57,Hispanic,03513,OK,transfer_out,16304.6,40485.07,1,0,2024-09-03 16:33:30.152226,16:33:30.152226,Web,two_factor,10,8,,,savings,50,302.6,50-65,9
42555f3a-e2e9-4b66-b66f-7be2e23b23bb,Other,57,Hispanic,19874,IL,login,0.0,4287.46,0,0,2024-07-20 04:39:05.174335,04:39:05.174335,Android,password,6,3,,,,61,399.15,50-65,7
4730c8d2-59af-40bc-a5e0-daa6407ff466,Male,59,Asian,99663,DC,transfer_in,9286.57,39583.86,0,1,2024-07-29 13:20:52.821863,13:20:52.821863,Android,password,6,6,,,checking,98,160.41,50-65,7
6db25f8e-b656-4314-b6f6-c4992961b74d,Male,52,Hispanic,40011,NE,online_purchase,9969.5,29879.45,1,0,2024-09-15 01:06:03.931720,01:06:03.931720,Web,two_factor,20,5,,,,63,127.32,50-65,9
90c532c8-cee0-4a19-a876-8c5384bc20d3,Male,37,Other,05145,TX,logout,0.0,44350.9,0,0,2024-08-27 04:32:10.034224,04:32:10.034224,iOS,two_factor,26,7,,,,36,207.67,30-50,8
671f5071-d8f3-4efe-bd51-e82269fe271d,Other,58,White,22124,UT,transfer_out,177.32,7358.07,0,0,2024-09-25 07:07:53.412352,07:07:53.412352,Android,biometric,39,9,,,savings,89,143.67,50-65,9
cdd5e1da-720a-4129-b21f-27c0f2757110,Female,41,Asian,68035,UT,transfer_in,6146.83,15597.29,0,1,2024-08-12 07:13:04.212362,07:13:04.212362,Android,biometric,18,9,,,savings,3,391.43,30-50,8
1622b482-875e-4d44-be58-fad2eb1d8acc,Other,65,Hispanic,37082,NV,bill_payment,14096.36,44755.89,1,0,2024-09-19 06:46:48.188248,06:46:48.188248,Android,password,23,2,,,,7,367.88,50-65,9
83411b4c-f568-4994-a819-bb8015c7f9e5,Female,58,Mixed,23164,OH,online_purchase,9806.9,16185.83,0,0,2024-07-22 03:57:00.561854,03:57:00.561854,iOS,biometric,43,4,,,,31,372.21,50-65,7
9527e81b-2004-4683-bd09-61a5bf820cfe,Male,52,Asian,96962,TX,transfer_in,15671.75,8050.66,0,1,2024-07-12 22:31:33.868329,22:31:33.868329,Web,biometric,45,9,,,savings,91,131.83,50-65,7
62e1b7aa-4d96-4936-87bd-a320d4804042,Other,22,Other,02897,LA,bill_payment,2940.94,8319.44,0,1,2024-08-26 00:10:13.170828,00:10:13.170828,iOS,two_factor,13,4,,,,69,101.56,18-30,8
f57b584d-64ad-4791-8265-6435c5690d17,Male,32,Asian,00765,UT,online_purchase,1164.31,11081.64,0,0,2024-08-27 06:28:11.982566,06:28:11.982566,Android,biometric,49,0,,,,95,316.13,30-50,8
b3170b20-7122-4673-b80d-afadac45a860,Other,32,White,67676,NV,atm_withdrawal,8642.29,31551.34,0,1,2024-07-16 00:41:42.729200,00:41:42.729200,iOS,biometric,36,10,,,,15,406.67,30-50,7
db709764-de31-44d0-b129-15ebbc8a328f,Other,22,Mixed,55370,LA,transfer_in,6312.75,30344.44,0,0,2024-08-08 04:22:08.374701,04:22:08.374701,Web,password,38,7,,,checking,13,253.87,18-30,8
a2ee8341-cff5-47e1-a2f0-4510cecdbf69,Male,27,Other,61477,AZ,logout,0.0,49871.76,0,1,2024-08-21 22:00:52.478885,22:00:52.478885,iOS,two_factor,26,3,,,,89,265.75,18-30,8
bc792188-3c84-48f8-94b1-0c64469387d4,Male,32,Mixed,03936,ND,atm_withdrawal,6793.32,19999.11,0,0,2024-08-15 23:47:33.296676,23:47:33.296676,Android,password,10,8,,,,83,197.57,30-50,8
671f5071-d8f3-4efe-bd51-e82269fe271d,Other,58,White,22124,UT,p2p_transfer,4240.33,38601.02,0,0,2024-09-25 10:21:29.688363,10:21:29.688363,Android,two_factor,18,0,,,checking,44,111.04,50-65,9
6854e0e1-db9f-4bda-8426-bf02d8d0b096,Other,58,White,84059,MP,transfer_out,6741.88,14517.95,0,0,2024-09-29 22:56:14.956485,22:56:14.956485,Android,two_factor,15,7,,,savings,5,98.65,50-65,9
47422419-642a-4a59-9a41-b07418a8d099,Male,24,White,55190,NJ,investment,10624.5,2182.13,0,0,2024-07-12 12:56:01.112242,12:56:01.112242,iOS,password,35,0,stocks,9148.14,,54,472.95,18-30,7
b3f31079-859c-4955-bef6-fbf0544334b3,Other,31,Black,39648,OH,investment,10861.8,24524.63,0,0,2024-08-18 00:59:30.165289,00:59:30.165289,iOS,password,46,3,ETFs,1219.75,,39,417.73,30-50,8
c48fc46c-9fce-41b0-8471-a36500d62fc2,Female,42,Hispanic,84450,AS,transfer_in,10041.95,42733.15,0,0,2024-07-10 09:40:09.816267,09:40:09.816267,Web,two_factor,48,3,,,savings,26,240.09,30-50,7
929874b2-55ac-43ec-ad62-8d44fce18655,Other,42,Black,59739,AS,atm_withdrawal,11112.78,4253.34,0,1,2024-07-31 22:52:47.276878,22:52:47.276878,Android,biometric,26,0,,,,2,70.82,30-50,7
c7baf7b7-57d1-447a-afd5-f34053aefd4a,Other,37,Hispanic,96967,HI,atm_withdrawal,12104.83,5644.06,0,1,2024-08-02 06:23:01.752279,06:23:01.752279,iOS,password,32,8,,,,82,17.48,30-50,8
74152bde-19df-4950-8050-476412f4d516,Other,46,Mixed,20856,ID,investment,59.08,17462.83,0,0,2024-09-23 16:08:58.220892,16:08:58.220892,Android,biometric,39,1,cryptocurrency,4444.56,,92,194.33,30-50,9
19698988-7d77-4594-9136-dabaf2344886,Male,29,White,78292,TX,bill_payment,17874.34,49668.02,0,1,2024-09-11 12:36:39.781376,12:36:39.781376,iOS,password,25,6,,,,28,442.15,18-30,9
fabb87e1-221b-4dc6-b641-27f795078685,Other,23,Black,06389,CA,investment,248.77,46320.09,0,0,2024-09-12 20:38:02.924918,20:38:02.924918,Android,two_factor,35,8,cryptocurrency,2716.97,,43,49.55,18-30,9